voltage,Current
2.000499964,-134.4583498
1.980499983,-129.3292869
1.960500002,-124.2150021
1.940500021,-119.1604759
1.92050004,-114.16597
1.900500059,-109.2484098
1.880499959,-104.4123903
1.860499978,-99.66914134
1.840499997,-95.01651545
1.820500016,-90.5402328
1.800500035,-86.07898985
1.780500054,-81.71975366
1.760499954,-77.47121402
1.740499973,-73.32054021
1.720499992,-69.29170802
1.700500011,-65.37043205
1.680500031,-61.57617385
1.66050005,-57.89355506
1.640499949,-54.3301571
1.620499969,-50.88816589
1.600499988,-47.63055731
1.580500007,-44.43393497
1.560500026,-41.35896567
1.540500045,-38.41289219
1.520499945,-35.59252801
1.500499964,-32.89993206
1.480499983,-30.33287415
1.460500002,-27.88994384
1.440500021,-25.57421411
1.42050004,-23.38134968
1.400500059,-21.31049236
1.380499959,-19.39423652
1.360499978,-17.56031228
1.340499997,-15.92314629
1.320500016,-14.28100042
1.300500035,-12.76739149
1.280500054,-11.36645528
1.260499954,-10.06925571
1.240499973,-8.868512482
1.220499992,-7.759234657
1.200500011,-6.734097207
1.180500031,-5.790144532
1.16050005,-4.936466648
1.140499949,-4.138624823
1.120499969,-3.412563387
1.100499988,-2.759773609
1.080500007,-2.182989087
1.060500026,-1.6861042
1.040500045,-1.291286807
1.020499945,-0.93504582
1.000499964,-0.672166434
0.980499983,-0.475510108
0.960500002,-0.334043995
0.940500021,-0.230827591
0.92049998,-0.159616606
0.9005,-0.107655738
0.880500019,-0.073572244
0.860499978,-0.050327205
0.840499997,-0.034444034
0.820500016,-0.023614098
0.800499976,-0.016186095
0.780499995,-0.011009231
0.760500014,-0.007583946
0.740499973,-0.005271199
0.720499992,-0.003645788
0.700500011,-0.002520613
0.680499971,-0.001743015
0.66049999,-0.001203152
0.640500009,-0.000827941
0.620500028,-0.000560819
0.600499988,-0.000370486
0.580500007,-0.000234894
0.560500026,-0.00013887
0.540499985,-6.88E-05
0.520500004,-1.81E-05
0.500500023,2.03E-05
0.480500013,4.98E-05
0.460500002,6.99E-05
0.440499991,8.55E-05
0.42050001,9.47E-05
0.4005,0.000104439
0.380499989,0.000109361
0.360500008,0.000113004
0.340499997,0.000114369
0.320499986,0.000115326
0.300500005,0.000116714
0.280499995,0.000115329
0.260500014,0.000117892
0.240500003,0.000117791
0.220500007,0.000117956
0.200499997,0.000117987
0.180500001,0.000118152
0.160500005,0.000117812
0.140499994,0.000118498
0.120499998,0.00011807
0.100500003,0.000117061
0.080499999,0.000118202
0.0605,0.000116896
0.0405,0.000119185
0.020500001,0.000119823
0.0005,0.000120263
-0.0195,0.000100503
-0.039500002,0.000124391
-0.059500001,0.000125478
-0.079499997,0.000126471
-0.0995,0.000124977
-0.119499996,0.000127718
-0.139500007,0.000129409
-0.159500003,0.000132024
-0.179499999,0.000132416
-0.199499995,0.000130574
-0.219500005,0.000134706
-0.239500001,0.000135511
-0.259499997,0.000139262
-0.279500008,0.000140965
-0.299499989,0.000142269
-0.319499999,0.00014692
-0.33950001,0.000149339
-0.359499991,0.00015237
-0.379500002,0.000154977
-0.399500012,0.000158204
-0.419499993,0.000159643
-0.439500004,0.000165801
-0.459500015,0.000169242
-0.479499996,0.000174779
-0.499500006,0.000177728
-0.519500017,0.000183499
-0.539499998,0.000189156
-0.559499979,0.000195771
-0.57950002,0.000201063
-0.5995,0.000206462
-0.619499981,0.000213308
-0.639500022,0.000218554
-0.659500003,0.000227741
-0.679499984,0.000232285
-0.699500024,0.000239147
-0.719500005,0.000246921
-0.739499986,0.000253938
-0.759500027,0.000258967
-0.779500008,0.000263698
-0.799499989,0.000267705
-0.819500029,0.000272661
-0.83950001,0.000275079
-0.859499991,0.000277896
-0.879499972,0.000279744
-0.899500012,0.000280265
-0.919499993,0.00028062
-0.939499974,0.000280015
-0.959500015,0.000282259
-0.979499996,0.000283472
-0.999499977,0.000283354
-1.019500017,0.000284253
-1.039499998,0.000287005
-1.059499979,0.000288134
-1.07949996,0.000289146
-1.099499941,0.000290652
-1.119500041,0.000294189
-1.139500022,0.000296244
-1.159500003,0.000296122
-1.179499984,0.000299651
-1.199499965,0.000302951
-1.219499946,0.000305761
-1.239500046,0.000307159
-1.259500027,0.000309812
-1.279500008,0.000312446
-1.299499989,0.000314863
-1.319499969,0.000316869
-1.33949995,0.00031857
-1.359500051,0.00032026
-1.379500031,0.000320605
-1.399500012,0.000324587
-1.419499993,0.000326986
-1.439499974,0.000327797
-1.459499955,0.000329639
-1.479500055,0.00033386
-1.499500036,0.000337454
-1.519500017,0.000339998
-1.539499998,0.000344416
-1.559499979,0.000349219
-1.57949996,0.000355925
-1.599499941,0.000363546
-1.619500041,0.00037371
-1.639500022,0.000376775
-1.659500003,0.000382155
-1.679499984,0.000396375
-1.699499965,0.00041109
-1.719499946,0.000419742
-1.739500046,0.000433525
-1.759500027,0.000449425
-1.779500008,0.000468755
-1.799499989,0.000497062
-1.819499969,0.000514316
-1.83949995,0.000555549
-1.859500051,0.000588632
-1.879500031,0.000619231
-1.899500012,0.00067151
-1.919499993,0.000727126
-1.939499974,0.0008014
-1.959499955,0.000845735
-1.979500055,0.000891254
-1.999500036,0.000957539
-2.019500017,0.00095322
-2.039499998,0.001014283
-2.059499979,0.001050978
-2.07949996,0.001069088
-2.099499941,0.00114269
-2.119499922,0.001221054
-2.139499903,0.001326551
-2.159499884,0.001298645
-2.179500103,0.001424806
-2.199500084,0.001462467
-2.219500065,0.001481445
-2.239500046,0.001593462
-2.259500027,0.001585921
-2.279500008,0.001714876
-2.299499989,0.00179456
-2.319499969,0.001918924
-2.33949995,0.002007461
-2.359499931,0.002099124
-2.379499912,0.002171223
-2.399499893,0.00228096
-2.419500113,0.002340505
-2.439500093,0.002407587
-2.459500074,0.002578125
-2.479500055,0.00267322
-2.499500036,0.002756199
-2.519500017,0.002757756
-2.539499998,0.002738202
-2.559499979,0.002908646
-2.57949996,0.002941996
-2.599499941,0.003117694
-2.619499922,0.00317033
-2.639499903,0.003403003
-2.659499884,0.003458537
-2.679500103,0.003620036
-2.699500084,0.00381581
-2.719500065,0.004018154
-2.739500046,0.003973094
-2.759500027,0.00425101
-2.779500008,0.004273268
-2.799499989,0.004345908
-2.819499969,0.005028499
-2.83949995,0.004788381
-2.859499931,0.004908194
-2.879499912,0.004856388
-2.899499893,0.005167875
-2.919500113,0.005079356
-2.939500093,0.005320149
-2.959500074,0.005287032
-2.979500055,0.0053419
-2.999500036,0.005691582
-3.019500017,0.005847943
-3.039499998,0.006268063
-3.059499979,0.006439702
-3.07949996,0.006845881
-3.099499941,0.007009604
-3.119499922,0.006798347
-3.139499903,0.007070425
-3.159499884,0.007445154
-3.179500103,0.008005278
-3.199500084,0.007697356
-3.219500065,0.007950359
-3.239500046,0.008015277
-3.259500027,0.008125324
-3.279500008,0.008212072
-3.299499989,0.008431304
-3.319499969,0.00858614
-3.33949995,0.008420765
-3.359499931,0.008496591
-3.379499912,0.008310664
-3.399499893,0.0089049
-3.419500113,0.008855186
-3.439500093,0.008494842
-3.459500074,0.008695043
-3.479500055,0.008943177
-3.499500036,0.008952875
-3.519500017,0.009117417
-3.539499998,0.009089205
-3.559499979,0.009969386
-3.57949996,0.009947846
-3.599499941,0.01050301
-3.619499922,0.009664826
-3.639499903,0.009880756
-3.659499884,0.009763335
-3.679500103,0.010273594
-3.699500084,0.010469974
-3.719500065,0.009946788
-3.739500046,0.009997856
-3.759500027,0.010524923
-3.779500008,0.010944622
-3.799499989,0.011570179
-3.819499969,0.01175975
-3.83949995,0.011935726
-3.859499931,0.012720532
-3.879499912,0.012362787
-3.899499893,0.013168163
-3.919500113,0.012986633
-3.939500093,0.01234978
-3.959500074,0.012049222
-3.979500055,0.01218718
-3.999500036,0.012720423
-4.019499779,0.01223553
-4.039500237,0.012168335
-4.059500217,0.013019718
-4.079500198,0.01350683
-4.099500179,0.01409948
-4.11950016,0.014249102
-4.139500141,0.014163118
-4.159500122,0.014610014
-4.179500103,0.015240821
-4.199500084,0.016521218
-4.219500065,0.016647015
-4.239500046,0.017017202
-4.259500027,0.015466918
-4.279500008,0.015524201
-4.299499989,0.015796457
-4.319499969,0.015470719
-4.33949995,0.016117911
-4.359499931,0.016070924
-4.379499912,0.01630037
-4.399499893,0.016622342
-4.419499874,0.016897844
-4.439499855,0.017516218
-4.459499836,0.017819378
-4.479499817,0.018093027
-4.499499798,0.01947206
-4.519499779,0.020162424
-4.539500237,0.019850825
-4.559500217,0.019678431
-4.579500198,0.020094964
-4.599500179,0.02079665
-4.61950016,0.021881061
-4.639500141,0.021350542
-4.659500122,0.021497394
-4.679500103,0.021290995
-4.699500084,0.022042258
-4.719500065,0.021921825
-4.739500046,0.022668994
-4.759500027,0.022718266
-4.779500008,0.023474863
-4.799499989,0.023692459
-4.819499969,0.02408765
-4.83949995,0.024656806
-4.859499931,0.025907344
-4.879499912,0.026980393
-4.899499893,0.025703621
-4.919499874,0.024630661
-4.939499855,0.026705332
-4.959499836,0.026369563
-4.979499817,0.026565598
-4.999499798,0.027450078
-5.019499779,0.02576395
-5.039500237,0.025552238
-5.059500217,0.025234455
-5.079500198,0.02664911
-5.099500179,0.026399484
-5.11950016,0.026336644
-5.139500141,0.02728395
-5.159500122,0.029438761
-5.179500103,0.028136761
-5.199500084,0.028129878
-5.219500065,0.029362151
-5.239500046,0.026661604
-5.259500027,0.026851893
-5.279500008,0.02769764
-5.299499989,0.030533697
-5.319499969,0.02909311
-5.33949995,0.029271593
-5.359499931,0.030371121
-5.379499912,0.030817371
-5.399499893,0.029456333
-5.419499874,0.029134669
-5.439499855,0.028322795
-5.459499836,0.02987113
-5.479499817,0.02875773
-5.499499798,0.029581073
-5.519499779,0.030573959
-5.539500237,0.031797326
-5.559500217,0.033673613
-5.579500198,0.032863738
-5.599500179,0.032514217
-5.61950016,0.033202893
-5.639500141,0.03279459
-5.659500122,0.034548641
-5.679500103,0.033522686
-5.699500084,0.034166066
-5.719500065,0.034158197
-5.739500046,0.032256677
-5.759500027,0.035346787
-5.779500008,0.039670802
-5.799499989,0.035605429
-5.819499969,0.033733106
-5.83949995,0.032870999
-5.859499931,0.032817214
-5.879499912,0.032397333
-5.899499893,0.032089803
-5.919499874,0.032479119
-5.939499855,0.031040838
-5.959499836,0.030951167
-5.979499817,0.031586338
-5.999499798,0.030369526
-6.019499779,0.031444487
-6.039500237,0.030507149
-6.059500217,0.034982192
-6.079500198,0.034568277
-6.099500179,0.03609998
-6.11950016,0.034338871
-6.139500141,0.036552416
-6.159500122,0.035790338
-6.179500103,0.03515751
-6.199500084,0.035569759
-6.219500065,0.036012416
-6.239500046,0.034144754
-6.259500027,0.035201042
-6.279500008,0.03489809
-6.299499989,0.035660363
-6.319499969,0.035578753
-6.33949995,0.035479287
-6.359499931,0.037706383
-6.379499912,0.037620354
-6.399499893,0.039256873
-6.419499874,0.040538689
-6.439499855,0.039757016
-6.459499836,0.042300813
-6.479499817,0.040232941
-6.499499798,0.038579623
-6.519499779,0.041475285
-6.539500237,0.042077408
-6.559500217,0.044423607
-6.579500198,0.042599935
-6.599500179,0.041048555
-6.61950016,0.041887597
-6.639500141,0.041512567
-6.659500122,0.042445452
-6.679500103,0.041393318
-6.699500084,0.045940377
-6.719500065,0.044496724
-6.739500046,0.043551293
-6.759500027,0.044559325
-6.779500008,0.043539608
-6.799499989,0.045145194
-6.819499969,0.043387452
-6.83949995,0.044872372
-6.859499931,0.043805674
-6.879499912,0.045705258
-6.899499893,0.04714368
-6.919499874,0.046750057
-6.939499855,0.049387501
-6.959499836,0.046438194
-6.979499817,0.046788823
-6.999499798,0.049186289
-7.019499779,0.050613233
-7.039500237,0.051667094
-7.059500217,0.05038259
-7.079500198,0.051360135
-7.099500179,0.048837607
-7.11950016,0.049739611
-7.139500141,0.050552579
-7.159500122,0.049397905
-7.179500103,0.053404172
-7.199500084,0.056470988
-7.219500065,0.052575085
-7.239500046,0.051393486
-7.259500027,0.050976614
-7.279500008,0.052651727
-7.299499989,0.052279465
-7.319499969,0.052967359
-7.33949995,0.050892212
-7.359499931,0.050620585
-7.379499912,0.053092809
-7.399499893,0.054616939
-7.419499874,0.05266057
-7.439499855,0.057900477
-7.459499836,0.054484483
-7.479499817,0.055438982
-7.499499798,0.058027472
-7.519499779,0.059007403
-7.539500237,0.055783463
-7.559500217,0.052722773
-7.579500198,0.054411017
-7.599500179,0.05539627
-7.61950016,0.058287411
-7.639500141,0.058899595
-7.659500122,0.063385609
-7.679500103,0.057825395
-7.699500084,0.058232263
-7.719500065,0.059193546
-7.739500046,0.058137318
-7.759500027,0.05974995
-7.779500008,0.0599418
-7.799499989,0.061532616
-7.819499969,0.060281474
-7.83949995,0.061671814
-7.859499931,0.062678455
-7.879499912,0.061997627
-7.899499893,0.067596217
-7.919499874,0.070027394
-7.939499855,0.066317437
-7.959499836,0.066557875
-7.979499817,0.066674914
-7.999499798,0.068137403
-8.019499779,0.069260863
-8.039500237,0.069539762
-8.059499741,0.072790341
-8.079500198,0.070935836
-8.099499702,0.071599978
-8.11950016,0.071152942
-8.139499664,0.072285075
-8.159500122,0.076730836
-8.179499626,0.080589829
-8.199500084,0.077279419
-8.219499588,0.07779069
-8.239500046,0.081351422
-8.25949955,0.082596776
-8.279500008,0.081094298
-8.299500465,0.086459972
-8.319499969,0.082609576
-8.339500427,0.08324248
-8.359499931,0.086235221
-8.379500389,0.084717221
-8.399499893,0.085641666
-8.419500351,0.084900331
-8.439499855,0.085577694
-8.459500313,0.086825964
-8.479499817,0.092151649
-8.499500275,0.092108211
-8.519499779,0.092370522
-8.539500237,0.094577227
-8.559499741,0.090136968
-8.579500198,0.092610576
-8.599499702,0.093019743
-8.61950016,0.090762167
-8.639499664,0.095824212
-8.659500122,0.092660613
-8.679499626,0.094245915
-8.699500084,0.095146788
-8.719499588,0.096508279
-8.739500046,0.095825279
-8.75949955,0.096959096
-8.779500008,0.104794423
-8.799500465,0.102356037
-8.819499969,0.104378678
-8.839500427,0.103973517
-8.859499931,0.101185292
-8.879500389,0.101858604
-8.899499893,0.100770901
-8.919500351,0.10415383
-8.939499855,0.104938919
-8.959500313,0.107354011
-8.979499817,0.108467955
-8.999500275,0.1046668
-9.019499779,0.105043421
-9.039500237,0.105469312
-9.059499741,0.105398184
-9.079999924,0.108211199
-9.100000381,0.108138281
-9.119999886,0.108262927
-9.140000343,0.106566261
-9.159999847,0.110073491
-9.180000305,0.110354081
-9.199999809,0.110522638
-9.220000267,0.110651057
-9.239999771,0.117323253
-9.260000229,0.116785509
-9.279999733,0.118067453
-9.300000191,0.117857059
-9.319999695,0.119990719
-9.340000153,0.12002915
-9.359999657,0.1169138
-9.380000114,0.116388496
-9.399999619,0.117186536
-9.420000076,0.120251781
-9.43999958,0.118737277
-9.460000038,0.121539234
-9.479999542,0.122221935
-9.5,0.120463641
-9.520000458,0.126560563
-9.539999962,0.123194252
-9.56000042,0.122452443
-9.579999924,0.125563057
-9.600000381,0.125515523
-9.619999886,0.124599767
-9.640000343,0.12426599
-9.659999847,0.124614138
-9.680000305,0.126708366
-9.699999809,0.12541614
-9.720000267,0.128802068
-9.739999771,0.126620123
-9.760000229,0.12934091
-9.779999733,0.130408206
-9.800000191,0.12960546
-9.819999695,0.131734956
-9.840000153,0.13139061
-9.859999657,0.131638474
-9.880000114,0.138032658
-9.899999619,0.135243727
-9.920000076,0.137181611
-9.93999958,0.13429483
-9.960000038,0.135470408
-9.979999542,0.132203218
-10,0.136601865
-10.02000046,0.135656081
-10.03999996,0.136716191
-10.06000042,0.138276854
-10.07999992,0.136849052
-10.10000038,0.137412533
-10.11999989,0.139678182
-10.14000034,0.138818025
-10.15999985,0.140189003
-10.18000031,0.138713892
-10.19999981,0.138112047
-10.22000027,0.13879035
-10.23999977,0.136789882
-10.26000023,0.137426258
-10.27999973,0.136911273
-10.30000019,0.142383906
-10.3199997,0.138125351
-10.34000015,0.140205117
-10.35999966,0.140585437
-10.38000011,0.1420257
-10.39999962,0.140983675
-10.42000008,0.139874046
-10.43999958,0.144432343
-10.46000004,0.143526953
-10.47999954,0.146871563
-10.5,0.13906416
-10.52000046,0.137169615
-10.53999996,0.140822101
-10.56000042,0.140302306
-10.57999992,0.144565551
-10.60000038,0.139921686
-10.61999989,0.146288419
-10.64000034,0.145784679
-10.65999985,0.147782035
-10.68000031,0.152735144
-10.69999981,0.155726765
-10.72000027,0.151538339
-10.73999977,0.151700093
-10.76000023,0.153653838
-10.77999973,0.150140512
-10.80000019,0.15559001
-10.8199997,0.153728568
-10.84000015,0.152964005
-10.85999966,0.156088728
-10.88000011,0.152172655
-10.89999962,0.153589753
-10.92000008,0.152326607
-10.93999958,0.15691497
-10.96000004,0.16119857
-10.97999954,0.160939943
-11,0.157908034
-11.02000046,0.15822789
-11.03999996,0.155895134
-11.06000042,0.153111073
-11.07999992,0.155128467
-11.10000038,0.156188863
-11.11999989,0.151660572
-11.14000034,0.151957473
-11.15999985,0.152315934
-11.18000031,0.153731288
-11.19999981,0.156336667
-11.22000027,0.152810879
-11.23999977,0.154563965
-11.26000023,0.155905266
-11.27999973,0.155103512
-11.30000019,0.152762083
-11.3199997,0.160250215
-11.34000015,0.158857155
-11.35999966,0.162199119
-11.38000011,0.164685392
-11.39999962,0.163649681
-11.42000008,0.164737692
-11.43999958,0.165638227
-11.46000004,0.165606959
-11.47999954,0.164135562
-11.5,0.164630988
-11.52000046,0.166156233
-11.53999996,0.172210627
-11.56000042,0.168333549
-11.57999992,0.169747851
-11.60000038,0.170986086
-11.61999989,0.166384329
-11.64000034,0.172915237
-11.65999985,0.16751353
-11.68000031,0.166964196
-11.69999981,0.170052494
-11.72000027,0.172505303
-11.73999977,0.171924414
-11.76000023,0.166643076
-11.77999973,0.174399052
-11.80000019,0.173136312
-11.8199997,0.171663592
-11.84000015,0.17354802
-11.85999966,0.175345137
-11.88000011,0.178448843
-11.89999962,0.173671486
-11.92000008,0.176285404
-11.93999958,0.17481769
-11.96000004,0.177448114
-11.97999954,0.177053393
-12,0.183560189
-12.02000046,0.186125265
-12.03999996,0.19124599
-12.06000042,0.191531451
-12.07999992,0.189084054
-12.10000038,0.183276983
-12.11999989,0.186149588
-12.14000034,0.18762109
-12.15999985,0.194299202
-12.18000031,0.194381462
-12.19999981,0.208156789
-12.22000027,0.199647406
-12.23999977,0.206934458
-12.26000023,0.216588872
-12.27999973,0.214451063
-12.30000019,0.215914554
-12.3199997,0.221901088
-12.34000015,0.218173738
-12.35999966,0.219203888
-12.38000011,0.221818933
-12.39999962,0.235373846
-12.42000008,0.229987864
-12.43999958,0.236983817
-12.46000004,0.234307362
-12.47999954,0.241424376
-12.5,0.239040884
-12.52000046,0.243673008
-12.53999996,0.236519945
-12.56000042,0.245811102
-12.57999992,0.248447645
-12.60000038,0.248320842
-12.61999989,0.262299174
-12.64000034,0.269931413
-12.65999985,0.274730809
-12.68000031,0.277135633
-12.69999981,0.288761651
-12.72000027,0.28405068
-12.73999977,0.290908871
-12.76000023,0.29548611
-12.77999973,0.312617653
-12.80000019,0.290728415
-12.8199997,0.286924743
-12.84000015,0.307095681
-12.85999966,0.303435123
-12.88000011,0.311201486
-12.89999962,0.323120257
-12.92000008,0.349670166
-12.93999958,0.344192632
-12.96000004,0.345603507
-12.97999954,0.404062519
-13,0.331819777
-13.02000046,0.334400727
-13.03999996,0.331109018
-13.06000042,0.345823499
-13.07999992,0.359565228
-13.10000038,0.345505793
-13.11999989,0.353001292
-13.14000034,0.379306644
-13.15999985,0.373347214
-13.18000031,0.379240018
-13.19999981,0.382652893
-13.22000027,0.389488716
-13.23999977,0.394514989
-13.26000023,0.452545231
-13.27999973,0.437898758
-13.30000019,0.442350442
-13.3199997,0.439191414
-13.34000015,0.456444904
-13.35999966,0.457752953
-13.38000011,0.465721389
-13.39999962,0.489042577
-13.42000008,0.460019383
-13.43999958,0.492039881
-13.46000004,0.504664569
-13.47999954,0.514252357
-13.5,0.522069321
-13.52000046,0.530787061
-13.53999996,0.547158146
-13.56000042,0.547341428
-13.57999992,0.595064133
-13.60000038,0.567765883
-13.61999989,0.586182474
-13.64000034,0.570735736
-13.65999985,0.570388595
-13.68000031,0.586242245
-13.69999981,0.579244819
-13.72000027,0.623022271
-13.73999977,0.612260288
-13.76000023,0.652152199
-13.77999973,0.678013598
-13.80000019,0.628327286
-13.8199997,0.652031153
-13.84000015,0.649594188
-13.85999966,0.665270209
-13.88000011,0.723406854
-13.89999962,0.66658403
-13.92000008,0.692955348
-13.93999958,0.70548575
-13.96000004,0.727993955
-13.97999954,0.738411442
-14,0.776068372
-14.02000046,0.794693921
-14.03999996,0.844662371
-14.06000042,0.780191193
-14.07999992,0.784422734
-14.10000038,0.832237862
-14.11999989,0.818299833
-14.14000034,0.808288296
-14.15999985,0.841441227
-14.18000031,0.869322517
-14.19999981,0.858466487
-14.22000027,0.929924147
-14.23999977,0.918182496
-14.26000023,0.941956897
-14.27999973,1.011863217
-14.30000019,0.936730836
-14.3199997,0.991434071
-14.34000015,0.955488556
-14.35999966,1.695849052
-14.38000011,1.683130438
-14.39999962,1.853841842
-14.42000008,1.991062073
-14.43999958,1.946406214
-14.46000004,1.68586259
-14.47999954,1.789630253
-14.5,1.872397217
-14.52000046,1.950211239
-14.53999996,1.773508174
-14.56000042,1.429926992
-14.57999992,1.407116806
-14.60000038,1.437274628
-14.61999989,1.410574148
-14.64000034,1.55641657
-14.65999985,1.593232193
-14.68000031,1.90410524
-14.69999981,2.012571247
-14.72000027,1.742184395
-14.73999977,2.921256574
-14.76000023,3.011145798
-14.77999973,3.127560158
-14.80000019,2.651843377
-14.8199997,2.864314568
-14.84000015,2.618520934
-14.85999966,3.417387166
-14.88000011,2.656587301
-14.89999962,3.00035405
-14.92000008,3.59085682
-14.93999958,3.615211674
-14.96000004,3.545890439
-14.97999954,4.110243056
-15,3.540252955
-15.02000046,6.470260642
-15.03999996,6.499592011
-15.06000042,5.635966389
-15.07999992,5.229065976
-15.10000038,5.176641559
-15.11999989,4.832739634
-15.14000034,6.108766533
-15.15999985,7.414474048
-15.18000031,7.332834676
-15.19999981,8.101491373
-15.22000027,8.234365513
-15.23999977,7.880390295
-15.26000023,8.629379055
-15.27999973,5.880707475
-15.30000019,6.215333696
-15.3199997,6.234703378
-15.34000015,7.622513039
-15.35999966,8.308048714
-15.38000011,8.252610006
-15.39999962,8.88593341
-15.42000008,10.37685866
-15.43999958,11.07495613
-15.46000004,11.64577413
-15.47999954,12.45183381
-15.5,20.60596608
-15.52000046,18.46921961
-15.53999996,20.89002331
-15.56000042,17.41897638
-15.57999992,21.33899391
-15.60000038,21.17795208
-15.61999989,21.88837417
-15.64000034,20.11194948
-15.65999985,25.34270348
-15.68000031,31.30685669
-15.69999981,33.5132657
-15.72000027,38.66225573
-15.73999977,42.97453325
-15.76000023,47.2721713
-15.77999973,47.57622118
-15.80000019,56.81128511
-15.8199997,58.68412092
-15.84000015,61.91908143
-15.85999966,68.79427401
-15.88000011,70.68779904
-15.89999962,89.44620586
-15.92000008,98.58782195
-15.93999958,101.6327388
-15.96000004,114.0809349
-15.97999954,118.0977137
-16,119.0386343
-16.02000046,121.1038152
-16.04000092,130.7591827
-16.05999947,140.5884227
-16.07999992,154.3941792
-16.10000038,171.1056314
-16.12000084,181.3442839
-16.13999939,190.5664093
-16.15999985,185.5302171
-16.18000031,197.2010744
-16.20000076,197.5119822
-16.21999931,207.5039343
-16.23999977,211.3739413
-16.26000023,202.819705
-16.28000069,215.2163012
-16.29999924,225.9325144
-16.3199997,224.1268261
-16.34000015,223.208773
-16.36000061,239.4793632
-16.37999916,231.7900562
-16.39999962,231.0920106
-16.42000008,234.3426651
-16.44000053,237.6886069
-16.45999908,242.5053919
-16.47999954,199.5229001
-16.5,179.7157932
-16.52000046,170.1212157
-16.54000092,156.4327751
-16.55999947,153.1967447
-16.57999992,150.8484264
-16.60000038,147.9838013
-16.62000084,145.4365955
-16.63999939,140.0594007
-16.65999985,143.1206965
-16.68000031,141.1256034
-16.70000076,143.5219195
-16.71999931,136.3190861
-16.73999977,134.9906352
-16.76000023,131.9253063
-16.78000069,135.1306107
-16.79999924,136.9598514
-16.8199997,137.3403852
-16.84000015,136.612876
-16.86000061,138.1795607
-16.87999916,130.639527
-16.89999962,133.0400609
-16.92000008,133.2895476
-16.94000053,131.1554335
-16.95999908,131.3178223
-16.97999954,135.6540448
-17,136.4407584
-17.02000046,129.3768691
-17.04000092,132.5131633
-17.05999947,133.6061357
-17.07999992,135.5422091
-17.10000038,139.2659754
-17.12000084,134.3502702
-17.13999939,132.7458246
-17.15999985,132.0635423
-17.18000031,135.9191254
-17.20000076,136.7494957
-17.21999931,127.1030719
-17.23999977,126.072044
-17.26000023,127.6856565
-17.28000069,127.6237428
-17.29999924,128.8683438
-17.3199997,131.1423334
-17.34000015,127.5284401
-17.36000061,127.0203613
-17.37999916,129.172209
-17.39999962,128.4599781
-17.42000008,129.9151889
-17.44000053,125.9702065
-17.45999908,128.8839531
-17.47999954,127.9897295
-17.5,127.7047602
-17.52000046,129.2338764
-17.54000092,124.7659603
-17.55999947,131.2606037
-17.57999992,129.1575849
-17.60000038,131.6250202
-17.62000084,131.329891
-17.63999939,124.7787448
-17.65999985,117.2309603
-17.68000031,119.7618101
-17.70000076,121.5144976
-17.71999931,122.5761823
-17.73999977,120.9419806
-17.76000023,120.7728185
-17.78000069,117.1210411
-17.79999924,118.6809295
-17.8199997,119.6592107
-17.84000015,113.4555479
-17.86000061,111.3420229
-17.87999916,111.6450799
-17.89999962,114.6724709
-17.92000008,115.7321775
-17.94000053,119.6904831
-17.95999908,117.4792155
-17.97999954,111.3667915
-18,109.5289996
-18.02000046,110.7809434
-18.04000092,110.8986672
-18.05999947,114.547058
-18.07999992,114.3500024
-18.10000038,109.2738787
-18.12000084,116.3790849
-18.13999939,110.7221854
-18.15999985,107.1965291
-18.18000031,111.4370486
-18.20000076,111.9894307
-18.21999931,108.6515936
-18.23999977,114.5713185
-18.26000023,109.7491765
-18.28000069,109.5948695
-18.29999924,106.38878
-18.3199997,105.5440473
-18.34000015,103.4154518
-18.36000061,106.7533889
-18.37999916,110.9215654
-18.39999962,106.2766672
-18.42000008,97.29031258
-18.44000053,96.52498863
-18.45999908,96.7510922
-18.47999954,99.10722286
-18.5,97.37374677
-18.52000046,98.16941951
-18.54000092,96.29673763
-18.55999947,97.00635925
-18.57999992,93.60006618
-18.60000038,96.24452969
-18.62000084,98.08465377
-18.63999939,98.18145744
-18.65999985,94.72213285
-18.68000031,97.42316844
-18.70000076,97.17840763
-18.71999931,95.28953921
-18.73999977,97.45371736
-18.76000023,97.73856352
-18.78000069,101.1000838
-18.79999924,97.91896301
-18.8199997,99.71959439
-18.84000015,96.71863446
-18.86000061,96.96762085
-18.87999916,98.94926747
-18.89999962,98.59524175
-18.92000008,98.52575431
-18.94000053,95.70849582
-18.95999908,95.01262853
-18.97999954,92.82858473
-19,97.34071945
-19.02000046,96.34068682
-19.04000092,94.78918038
-19.05999947,92.27437852
-19.07999992,92.2371872
-19.10000038,92.47495924
-19.12000084,89.75003253
-19.13999939,89.89584994
-19.15999985,89.29122917
-19.18000031,88.00295605
-19.20000076,87.96838936
-19.21999931,89.29810248
-19.23999977,89.63013052
-19.26000023,91.05358396
-19.28000069,87.38626657
-19.29999924,86.63238788
-19.3199997,88.21894592
-19.34000015,90.44494541
-19.36000061,90.58231165
-19.37999916,90.00046594
-19.39999962,92.44456425
-19.42000008,96.01496252
-19.44000053,96.5475251
-19.45999908,93.85372458
-19.47999954,89.84179475
-19.5,87.17774267
-19.52000046,89.5860197
-19.54000092,89.53475847
-19.55999947,92.0575266
-19.57999992,85.60466188
-19.60000038,85.82799457
-19.62000084,90.6460803
-19.63999939,93.72895045
-19.65999985,90.05450574
-19.68000031,93.29516194
-19.70000076,90.13495354
-19.71999931,90.11882858
-19.73999977,90.22923263
-19.76000023,91.81081848
-19.78000069,88.81401486
-19.79999924,93.85638001
-19.8199997,98.00830841
-19.84000015,99.62623893
-19.86000061,93.53292629
-19.87999916,94.22513756
-19.89999962,93.79886122
-19.92000008,93.22605935
-19.94000053,95.07677433
-19.95999908,96.17946026
-19.97999954,96.69198016
-20,93.44279581
