,voltage,original,-0.2 V,-0.4 V,-0.6 V,-0.8 V,-1 V
0,1.200000048,-29.97972084,-29.97660358,-29.98235239,-29.97516702,-29.97944072,-29.97997525
1,1.179999948,-25.82742923,-19.64411304,-29.98374526,-29.97636715,-29.97952552,-29.9801166
2,1.159999967,-15.60707805,-11.27849078,-29.98539512,-29.97662671,-29.97874942,-29.97884708
3,1.139999986,-6.905350195,-4.728712344,-26.26916045,-29.97626435,-29.97965402,-29.97995983
4,1.120000005,-1.324603153,-0.441890065,-18.06837676,-29.97605362,-29.97693509,-29.97976452
5,1.100000024,4.139018387,4.432825291,-10.28856435,-29.97730515,-29.97682973,-29.97591999
6,1.080000043,7.888455744,7.859889194,-4.581108948,-22.90064434,-29.97819433,-29.97884194
7,1.059999943,10.53123988,10.37477546,-0.581473547,-14.56385381,-29.97833053,-29.978973
8,1.039999962,12.42911058,12.25042115,4.266664943,-7.428611318,-29.97865177,-29.97910663
9,1.019999981,13.8453156,13.70105996,7.481436099,-2.510900125,-29.97788851,-29.97604078
10,1,14.96005667,14.8753856,9.975539763,0.594019952,-29.97808639,-29.97786282
11,0.980000019,15.87952381,15.8577668,11.99072272,4.675549007,-29.97784483,-29.97784483
12,0.959999979,16.66240463,16.70351255,13.63851375,7.365085025,-29.97778315,-29.9776341
13,0.939999998,17.32628766,17.42628476,14.98442261,9.43217315,-29.97765466,-29.97732057
14,0.920000017,17.88401848,18.03712758,16.08624377,11.14736922,-29.9790758,-29.97683487
15,0.899999976,18.34285197,18.53656131,16.97756449,12.49098283,-28.78146488,-29.97445516
16,0.879999995,18.71327924,18.93761166,17.69597169,13.58628987,-24.59022607,-29.97622067
17,0.860000014,19.00971806,19.25333462,18.26342646,14.53673155,-21.8087953,-29.97631061
18,0.839999974,19.24512866,19.49693984,18.70472307,15.28216779,-19.86572441,-29.97515931
19,0.819999993,19.43022136,19.685066,19.04631106,15.94198688,-17.47825417,-29.97655218
20,0.800000012,19.57643085,19.82919062,19.30577896,16.48132547,-15.70127781,-29.97495886
21,0.779999971,19.69266729,19.93945714,19.50281402,16.96276377,-14.40303886,-29.97506679
22,0.75999999,19.78519034,20.02343661,19.64814925,17.32499012,-12.64291156,-29.97438834
23,0.74000001,19.8586749,20.08693645,19.75910233,17.63785347,-11.28759494,-29.97492288
24,0.720000029,19.91735118,20.13660684,19.83922069,17.89855465,-9.756753988,-29.97496657
25,0.699999988,19.96473135,20.17544722,19.90095059,18.07995883,-9.058828312,-29.97325503
26,0.680000007,20.0017829,20.20548452,19.94612496,18.32739871,-7.597541525,-29.97382554
27,0.660000026,20.02967738,20.22943096,19.98013423,18.52124032,-6.674766303,-29.9738204
28,0.639999986,20.05517835,20.2481583,20.00469669,18.63399987,-5.671564712,-29.97383839
29,0.620000005,20.07409338,20.26224725,20.02680769,18.70905407,-4.61947787,-29.97448857
30,0.600000024,20.08947609,20.27379405,20.04238944,18.79850964,-3.789721717,-29.97305201
31,0.579999983,20.09935121,20.28447793,20.05758823,18.86227025,-2.567649162,-29.97206004
32,0.560000002,20.10962693,20.29148462,20.06614188,18.96210862,-1.431795428,-29.97295179
33,0.540000021,20.11862402,20.29837541,20.07444233,19.08230065,-0.656983259,-29.97202149
34,0.519999981,20.12509531,20.30564664,20.08267474,19.1518674,0.364994478,-29.97181076
35,0.5,20.12983824,20.31107865,20.09013872,19.21371572,1.107430715,-29.97315223
36,0.479999989,20.1341831,20.31608109,20.09732177,19.26126974,2.099074405,-29.97261256
37,0.460000008,20.14029914,20.32013368,20.10340885,19.30013405,3.246920099,-29.97304944
38,0.439999998,20.14480524,20.32429209,20.1074627,19.3216555,4.269434487,-29.97169512
39,0.419999987,20.14728694,20.32760018,20.11233916,19.36535974,5.077839264,-29.97146383
40,0.400000006,20.15182201,20.3304031,20.11738947,19.4117359,5.946030475,-29.97175679
41,0.379999995,20.15604341,20.33683157,20.12168393,19.47370263,6.774231789,-29.97057979
42,0.360000014,20.15911592,20.33950096,20.12672542,19.51630712,7.622780465,-29.97047186
43,0.340000004,20.16288003,20.3436959,20.13037363,19.51334169,8.566223652,-29.96991676
44,0.319999993,20.1651841,20.34799037,20.13379257,19.63353246,9.467416335,-29.9713122
45,0.300000012,20.16718079,20.34988376,20.13648212,19.64973905,10.19492266,-29.96982682
46,0.280000001,20.17103686,20.35413287,20.14067329,19.70610622,10.95831337,-29.97002213
47,0.25999999,20.17456162,20.35665865,20.14349511,19.72413566,11.6851999,-29.96952357
48,0.239999995,20.17657091,20.35845757,20.14819395,19.73930422,12.51595219,-29.96860099
49,0.219999999,20.18078097,20.36278856,20.15171493,19.74914785,13.19215172,-29.96849819
50,0.200000003,20.1817283,20.36507877,20.15371666,19.7965192,13.8498154,-29.96744197
51,0.180000007,20.18454256,20.36892603,20.1580401,19.82513929,14.66714891,-29.96846992
52,0.159999996,20.18780277,20.37309074,20.15994609,19.86605069,15.35004901,-29.96711046
53,0.140000001,20.19001614,20.37487579,20.16431991,19.87826263,15.91858843,-29.96780176
54,0.119999997,20.1935346,20.37752629,20.16725889,19.90359731,16.53114702,-29.96715672
55,0.100000001,20.19555145,20.37954188,20.16897718,19.92134079,17.07770141,-29.9667918
56,0.079999998,20.19551492,20.38359447,20.17212024,19.96173065,17.5853348,-29.96636263
57,0.059999999,20.19976277,20.38751353,20.17419126,19.99445498,18.14001579,-29.96788913
58,0.039999999,20.2031288,20.39126504,20.17694127,20.02048756,18.60903051,-23.6543533
59,0.02,20.20458632,20.39191381,20.17895812,20.04750525,19.08669967,-9.430731375
60,0,20.20655278,20.39324788,20.1814184,20.07203496,19.50274978,4.791746709
61,-0.02,20.21033327,20.39854257,20.18348942,20.10126098,19.89399933,19.01981364
62,-0.039999999,20.21084472,20.40216937,20.18544831,20.13339576,20.2598676,30.00179606
63,-0.059999999,20.21390212,20.40417362,20.18743745,20.17124976,20.6404484,30.00223294
64,-0.079999998,20.21637499,20.40688207,20.1898297,20.20531823,20.97924606,30.00220467
65,-0.100000001,20.2193694,20.40945068,20.19309747,20.25858518,21.28467441,30.0022278
66,-0.119999997,20.22199344,20.41235691,20.19505889,20.27686405,21.68930369,30.00229975
67,-0.140000001,20.22509997,20.41562216,20.19729241,20.34286573,22.12613199,30.00238456
68,-0.159999996,20.22686865,20.41743241,20.19838335,20.38570832,22.48491673,30.00228176
69,-0.180000007,20.22976983,20.41930691,20.20081465,20.47046001,27.00103556,30.00232545
70,-0.200000003,20.23163299,20.42292363,20.20178465,20.40749178,23.36365261,30.00243853
