voltage,meO2PACz,NiOx,PEDOT:PSS,PolyTPD,PTAA
2.000499964,-881.8853246,-804.9809461,-24.99990187,-303.0743481,-134.4583498
1.980499983,-858.4866223,-784.6603294,-24.99872662,-293.4193192,-129.3292869
1.960500002,-835.1497414,-764.3722856,-24.99793129,-283.3205806,-124.2150021
1.940500021,-811.7999297,-744.0899065,-24.99757416,-272.9639657,-119.1604759
1.92050004,-788.4895875,-723.8065424,-24.99770587,-262.4527051,-114.16597
1.900500059,-765.291743,-703.5621548,-24.99859491,-251.8645064,-109.2484098
1.880499959,-742.1123095,-683.3548966,-24.99793889,-241.2241383,-104.4123903
1.860499978,-718.9477155,-663.2143236,-24.99849359,-230.6038899,-99.66914134
1.840499997,-695.8657552,-643.1390195,-24.99871142,-220.0324088,-95.01651545
1.820500016,-673.304412,-623.458346,-24.99815165,-209.7179113,-90.5402328
1.800500035,-650.4444913,-603.5558198,-24.99912935,-199.3353579,-86.07898985
1.780500054,-627.5929449,-583.7458401,-24.99794396,-189.0831588,-81.71975366
1.760499954,-604.874339,-564.0648587,-24.99741965,-178.9762615,-77.47121402
1.740499973,-582.1838729,-544.4694659,-24.99928892,-169.0293824,-73.32054021
1.720499992,-559.5366324,-525.0007933,-24.99859744,-158.7971183,-69.29170802
1.700500011,-537.042837,-505.6624739,-24.99814912,-149.4879103,-65.37043205
1.680500031,-514.6769637,-486.486126,-24.99690801,-140.3201556,-61.57617385
1.66050005,-492.3700178,-467.4203659,-24.99851639,-131.3246571,-57.89355506
1.640499949,-470.1741532,-448.494626,-24.99958273,-122.5649064,-54.3301571
1.620499969,-448.0994684,-429.7252853,-24.99725755,-114.0500935,-50.88816589
1.600499988,-426.5626415,-411.4093789,-24.99859744,-105.9349026,-47.63055731
1.580500007,-404.7752966,-392.9548991,-24.99802501,-97.98061503,-44.43393497
1.560500026,-383.1341309,-374.6610979,-24.99839987,-90.30874911,-41.35896567
1.540500045,-361.6408068,-356.5459242,-24.99729301,-82.95392541,-38.41289219
1.520499945,-340.3826686,-338.6125798,-24.99794902,-75.91270341,-35.59252801
1.500499964,-319.3366565,-320.8799066,-24.99705998,-69.20281675,-32.89993206
1.480499983,-298.5267846,-303.3572023,-24.99805794,-62.8257355,-30.33287415
1.460500002,-277.9694936,-286.0419116,-24.99848599,-56.78767492,-27.88994384
1.440500021,-257.7210784,-268.9574942,-24.99673071,-51.09423448,-25.57421411
1.42050004,-237.7826166,-252.1095535,-24.99673831,-45.7459876,-23.38134968
1.400500059,-218.2284755,-235.5203641,-24.99803007,-40.74433895,-21.31049236
1.380499959,-199.392361,-219.4647328,-24.99915974,-36.15784467,-19.39423652
1.360499978,-180.6752094,-203.4256034,-24.99669525,-31.83586523,-17.56031228
1.340499997,-162.506984,-187.6687466,-24.9969384,-27.84181717,-15.92314629
1.320500016,-144.5241765,-172.2535974,-24.99558078,-24.18067845,-14.28100042
1.300500035,-127.5661625,-156.8566895,-24.99804527,-20.84170999,-12.76739149
1.280500054,-111.3815849,-141.6050666,-24.99663446,-17.82529087,-11.36645528
1.260499954,-96.04474176,-127.4099843,-24.99750323,-15.18301904,-10.06925571
1.240499973,-81.64197668,-113.7333975,-24.99646475,-12.76746654,-8.868512482
1.220499992,-68.29246047,-100.572843,-24.99739685,-10.63740481,-7.759234657
1.200500011,-56.08540382,-87.95546762,-24.99670285,-8.78846396,-6.734097207
1.180500031,-45.1309414,-75.96189532,-24.99717143,-7.202996957,-5.790144532
1.16050005,-35.6468372,-64.84484307,-24.99607469,-5.88128426,-4.936466648
1.140499949,-27.35373102,-54.26952673,-24.99584167,-4.748604068,-4.138624823
1.120499969,-20.42865881,-44.5457697,-24.99635837,-3.804769973,-3.412563387
1.100499988,-14.41312507,-35.73673197,-24.99748551,-3.024034947,-2.759773609
1.080500007,-10.13809276,-27.91615281,-24.99739432,-2.379979927,-2.182989087
1.060500026,-7.102417005,-21.16163335,-24.99618107,-1.85236825,-1.6861042
1.040500045,-4.928100139,-15.5013083,-21.86092725,-1.484186515,-1.291286807
1.020499945,-3.422962594,-10.57381739,-15.627867,-1.089740256,-0.93504582
1.000499964,-2.398167896,-7.148674863,-10.98780046,-0.808822568,-0.672166434
0.980499983,-1.702471858,-4.658928634,-7.469897914,-0.595048499,-0.475510108
0.960500002,-1.197381735,-2.962985118,-4.8850158,-0.435528931,-0.334043995
0.940500021,-0.875331495,-1.834705397,-3.074392161,-0.313421676,-0.230827591
0.92049998,-0.648139539,-1.173426062,-1.850892337,-0.223633036,-0.159616606
0.9005,-0.482739343,-0.709781544,-1.057942621,-0.15615331,-0.107655738
0.880500019,-0.363556602,-0.451978624,-0.608270841,-0.109454869,-0.073572244
0.860499978,-0.275934199,-0.29633524,-0.346433669,-0.076595923,-0.050327205
0.840499997,-0.212132213,-0.198215625,-0.187179838,-0.053189002,-0.034444034
0.820500016,-0.165732244,-0.153350713,-0.104868365,-0.036621391,-0.023614098
0.800499976,-0.129163281,-0.094520719,-0.060914789,-0.024941823,-0.016186095
0.780499995,-0.106234942,-0.062527532,-0.036542644,-0.016733714,-0.011009231
0.760500014,-0.087190709,-0.042106475,-0.022754621,-0.010597051,-0.007583946
0.740499973,-0.073125358,-0.028587472,-0.015093915,-0.006669969,-0.005271199
0.720499992,-0.061963806,-0.018804558,-0.00984094,-0.003901845,-0.003645788
0.700500011,-0.053645027,-0.018967593,-0.006818682,-0.001891841,-0.002520613
0.680499971,-0.046421948,-0.012337286,-0.00486159,-0.000430444,-0.001743015
0.66049999,-0.040808561,-0.005069493,-0.003567149,0.000626584,-0.001203152
0.640500009,-0.036395644,-0.001589269,-0.002712386,0.00139671,-0.000827941
0.620500028,-0.03242414,0.000465195,-0.002099888,0.001956994,-0.000560819
0.600499988,-0.028929935,0.001805848,-0.001640502,0.002377116,-0.000370486
0.580500007,-0.026398916,0.002660244,-0.001285281,0.002688777,-0.000234894
0.560500026,-0.023788605,0.003165397,-0.001002802,0.002922148,-0.00013887
0.540499985,-0.021526794,0.003417884,-0.000762301,0.003104523,-6.88E-05
0.520500004,-0.019386235,0.003460146,-0.000563661,0.003239878,-1.81E-05
0.500500023,-0.017494554,0.003407912,-0.000409677,0.003350954,2.03E-05
0.480500013,-0.015936179,0.003254159,-0.000281696,0.003437639,4.98E-05
0.460500002,-0.014075719,0.003035395,-0.000183236,0.003507664,6.99E-05
0.440499991,-0.012644281,0.002783623,-0.000103806,0.00356217,8.55E-05
0.42050001,-0.011295813,0.002521302,-4.97E-05,0.003608497,9.47E-05
0.4005,-0.009946253,0.002257643,-8.07E-06,0.003645112,0.000104439
0.380499989,-0.008802232,0.002010621,1.67E-05,0.00367574,0.000109361
0.360500008,-0.007606404,0.001780843,3.49E-05,0.003701077,0.000113004
0.340499997,-0.006356494,0.001573844,5.49E-05,0.003721528,0.000114369
0.320499986,-0.005366585,0.00138561,6.53E-05,0.003738566,0.000115326
0.300500005,-0.004303511,0.001224601,6.97E-05,0.003755786,0.000116714
0.280499995,-0.003335231,0.001079611,7.31E-05,0.003767313,0.000115329
0.260500014,-0.002349789,0.000951128,7.80E-05,0.003776832,0.000117892
0.240500003,-0.001571039,0.000846538,8.28E-05,0.003787894,0.000117791
0.220500007,-0.000696,0.000757276,8.11E-05,0.003796854,0.000117956
0.200499997,0.00011365,0.000697751,8.30E-05,0.003803975,0.000117987
0.180500001,0.000816867,0.000645671,8.56E-05,0.003810841,0.000118152
0.160500005,0.001471,0.000611301,8.84E-05,0.003817091,0.000117812
0.140499994,0.002055737,0.000576294,9.31E-05,0.003823815,0.000118498
0.120499998,0.002635348,0.000550623,9.27E-05,0.003827818,0.00011807
0.100500003,0.003180087,0.000528772,8.99E-05,0.00383282,0.000117061
0.080499999,0.003689139,0.000508682,9.44E-05,0.003839221,0.000118202
0.0605,0.004198735,0.000489439,9.91E-05,0.003843201,0.000116896
0.0405,0.004650586,0.000474365,9.87E-05,0.003847911,0.000119185
0.020500001,0.005106748,0.000458733,9.98E-05,0.003852689,0.000119823
0.0005,0.005550646,0.00044624,0.000107738,0.003856708,0.000120263
-0.0195,0.005958267,0.000401578,0.000103593,0.003849911,0.000100503
-0.039500002,0.006441814,0.000425406,0.000105117,0.003866036,0.000124391
-0.059500001,0.006917776,0.000412386,0.000109232,0.003870638,0.000125478
-0.079499997,0.007457838,0.000400971,0.000109163,0.003873122,0.000126471
-0.0995,0.00796635,0.000391755,0.000106569,0.003876322,0.000124977
-0.119499996,0.008568222,0.000382237,0.000117667,0.003880095,0.000127718
-0.139500007,0.009205989,0.000373994,0.000121501,0.003882812,0.000129409
-0.159500003,0.009819454,0.00036537,0.000125014,0.003885925,0.000132024
-0.179499999,0.010500247,0.00035817,0.000125312,0.003888344,0.000132416
-0.199499995,0.011348882,0.000350602,0.000131058,0.003891571,0.000130574
-0.219500005,0.012291424,0.000343819,0.000132733,0.003892264,0.000134706
-0.239500001,0.01337567,0.000337942,0.000138713,0.003897417,0.000135511
-0.259499997,0.014567663,0.000334628,0.000159085,0.003900351,0.000139262
-0.279500008,0.015526594,0.000325805,0.000168707,0.00390364,0.000140965
-0.299499989,0.016971757,0.000330441,0.00019055,0.003905849,0.000142269
-0.319499999,0.018667268,0.000333729,0.000241864,0.003909797,0.00014692
-0.33950001,0.020241395,0.000337343,0.000251508,0.003913018,0.000149339
-0.359499991,0.021731782,0.000343385,0.000294677,0.003914454,0.00015237
-0.379500002,0.023196564,0.000356741,0.000350178,0.003920684,0.000154977
-0.399500012,0.02484903,0.000376716,0.000423475,0.003924681,0.000158204
-0.419499993,0.026272273,0.000396581,0.000520487,0.003928403,0.000159643
-0.439500004,0.027996699,0.000420649,0.000643542,0.003931917,0.000165801
-0.459500015,0.029740035,0.000451525,0.000803174,0.003937907,0.000169242
-0.479499996,0.031107216,0.000481973,0.00100321,0.003942995,0.000174779
-0.499500006,0.032520716,0.000515713,0.001251994,0.003946951,0.000177728
-0.519500017,0.033968612,0.000552549,0.001556513,0.00395384,0.000183499
-0.539499998,0.03591501,0.000586069,0.001923969,0.003959096,0.000189156
-0.559499979,0.037266256,0.00062635,0.002353702,0.003965806,0.000195771
-0.57950002,0.038632002,0.000658691,0.002857487,0.003969837,0.000201063
-0.5995,0.039908214,0.000706998,0.003401598,0.003979299,0.000206462
-0.619499981,0.042045486,0.00075067,0.004031197,0.003985887,0.000213308
-0.639500022,0.043647463,0.000798958,0.004695604,0.003992998,0.000218554
-0.659500003,0.045342968,0.000851653,0.00543389,0.004001217,0.000227741
-0.679499984,0.04710847,0.00090209,0.006203908,0.004008771,0.000232285
-0.699500024,0.049270815,0.000953979,0.007015543,0.004016749,0.000239147
-0.719500005,0.051767477,0.001015503,0.007855575,0.004024508,0.000246921
-0.739499986,0.053719797,0.001079698,0.008736642,0.004035552,0.000253938
-0.759500027,0.056024708,0.00114205,0.009652092,0.004045488,0.000258967
-0.779500008,0.057879713,0.001207644,0.010569355,0.004054768,0.000263698
-0.799499989,0.059767474,0.001274086,0.011487002,0.004066254,0.000267705
-0.819500029,0.062139696,0.001345501,0.01245729,0.004076242,0.000272661
-0.83950001,0.064231996,0.00141032,0.013429029,0.004088929,0.000275079
-0.859499991,0.066931534,0.001478916,0.014435826,0.004100362,0.000277896
-0.879499972,0.070126041,0.00154861,0.015464678,0.00411187,0.000279744
-0.899500012,0.072685419,0.001615395,0.016519363,0.004124494,0.000280265
-0.919499993,0.074741035,0.001686392,0.017512768,0.004140034,0.00028062
-0.939499974,0.078089861,0.001763244,0.017015374,0.004152287,0.000280015
-0.959500015,0.08106524,0.001833514,0.016909989,0.004170183,0.000282259
-0.979499996,0.084314488,0.001910794,0.01801191,0.004186235,0.000283472
-0.999499977,0.086842027,0.001996698,0.018193589,0.004205741,0.000283354
-1.019500017,0.090491626,0.00207927,0.018238948,0.004222811,0.000284253
-1.039499998,0.094176681,0.002171401,0.019384416,0.004244633,0.000287005
-1.059499979,0.097765818,0.002272807,0.020531387,0.00425987,0.000288134
-1.07949996,0.10177629,0.002375092,0.022970756,0.004282532,0.000289146
-1.099499941,0.105042068,0.002493932,0.024538771,0.004304611,0.000290652
-1.119500041,0.10833038,0.002621719,0.026154759,0.004333069,0.000294189
-1.139500022,0.111527103,0.002763072,0.027753768,0.004358044,0.000296244
-1.159500003,0.11569513,0.002909143,0.029354552,0.00439325,0.000296122
-1.179499984,0.118724694,0.003070006,0.030973835,0.004438237,0.000299651
-1.199499965,0.123545482,0.003252029,0.032576583,0.004474977,0.000302951
-1.219499946,0.126396402,0.00346119,0.034186332,0.004522388,0.000305761
-1.239500046,0.131167311,0.003676967,0.035834778,0.00457789,0.000307159
-1.259500027,0.135189848,0.003906968,0.037479037,0.004635282,0.000309812
-1.279500008,0.139650912,0.004151785,0.039145893,0.004726901,0.000312446
-1.299499989,0.143143311,0.00439595,0.040851568,0.004824841,0.000314863
-1.319499969,0.147109641,0.004670678,0.042576174,0.004913469,0.000316869
-1.33949995,0.150739186,0.004964661,0.044378368,0.00500362,0.00031857
-1.359500051,0.157955583,0.005289243,0.046129747,0.005124096,0.00032026
-1.379500031,0.163206554,0.005627672,0.047840347,0.005252204,0.000320605
-1.399500012,0.169340622,0.005983118,0.049587452,0.005400597,0.000324587
-1.419499993,0.173776356,0.006358532,0.051372222,0.005604791,0.000326986
-1.439499974,0.178631705,0.006751359,0.053207943,0.00578907,0.000327797
-1.459499955,0.183812382,0.007171279,0.055045415,0.006027243,0.000329639
-1.479500055,0.189293463,0.007618103,0.056899218,0.006319569,0.00033386
-1.499500036,0.193988576,0.008058179,0.058802509,0.006674198,0.000337454
-1.519500017,0.201457782,0.008541927,0.060719678,0.007056106,0.000339998
-1.539499998,0.209710672,0.00904858,0.062658639,0.007533327,0.000344416
-1.559499979,0.21413032,0.009586545,0.064662415,0.008007913,0.000349219
-1.57949996,0.219352293,0.010139943,0.066642228,0.008607121,0.000355925
-1.599499941,0.227561527,0.010719364,0.068610969,0.009326381,0.000363546
-1.619500041,0.2346754,0.011326156,0.070739619,0.01012491,0.00037371
-1.639500022,0.242750014,0.01195154,0.072819911,0.011049211,0.000376775
-1.659500003,0.24733074,0.012589529,0.074945562,0.012021031,0.000382155
-1.679499984,0.257752662,0.013246741,0.077129154,0.013207956,0.000396375
-1.699499965,0.268218226,0.013900334,0.07933601,0.014619389,0.00041109
-1.719499946,0.275638019,0.014613058,0.081623207,0.016295082,0.000419742
-1.739500046,0.286286653,0.015353865,0.083871827,0.018022806,0.000433525
-1.759500027,0.294674449,0.016093502,0.086248125,0.020064269,0.000449425
-1.779500008,0.306486545,0.01674432,0.088642222,0.022206256,0.000468755
-1.799499989,0.318002342,0.017493496,0.091058086,0.024524953,0.000497062
-1.819499969,0.331469989,0.018290935,0.093587841,0.027427263,0.000514316
-1.83949995,0.345706723,0.019109693,0.096175596,0.03029961,0.000555549
-1.859500051,0.36101603,0.019924511,0.098677508,0.033062722,0.000588632
-1.879500031,0.384139775,0.020769312,0.101431621,0.036341912,0.000619231
-1.899500012,0.411368843,0.021586091,0.104124579,0.039691105,0.00067151
-1.919499993,0.435770301,0.022459628,0.106940589,0.042923655,0.000727126
-1.939499974,0.460400138,0.023296401,0.109857618,0.047070406,0.0008014
-1.959499955,0.496853498,0.024188793,0.112784055,0.050753995,0.000845735
-1.979500055,0.542689566,0.025039244,0.115811917,0.054246293,0.000891254
-1.999500036,0.585656741,0.02593396,0.118905416,0.058389019,0.000957539
-2.019500017,0.623908976,0.026788394,0.122050997,0.062499754,0.00095322
-2.039499998,0.682457284,0.02767559,0.125400387,0.066659317,0.001014283
-2.059499979,0.734545504,0.028576438,0.128741109,0.069932581,0.001050978
-2.07949996,0.805496553,0.029475119,0.132165466,0.073723573,0.001069088
-2.099499941,0.8716314,0.030397785,0.13562744,0.07717606,0.00114269
-2.119499922,1.201944061,0.031266115,0.139241574,0.079813715,0.001221054
-2.139499903,1.51124526,0.032166305,0.14296127,0.08307962,0.001326551
-2.159499884,1.509831078,0.033137339,0.146752033,0.084923218,0.001298645
-2.179500103,1.43857516,0.034085182,0.150710689,0.087101405,0.001424806
-2.199500084,1.305857604,0.035020881,0.154729442,0.089166267,0.001462467
-2.219500065,1.489288705,0.036010762,0.158844741,0.09120788,0.001481445
-2.239500046,1.607379782,0.036952716,0.163186535,0.092489192,0.001593462
-2.259500027,1.780885273,0.037925147,0.167652312,0.093627466,0.001585921
-2.279500008,2.388209335,0.038925604,0.17220489,0.095099968,0.001714876
-2.299499989,2.251249595,0.039954364,0.176846533,0.096008005,0.00179456
-2.319499969,2.830195018,0.040964352,0.181799741,0.097017085,0.001918924
-2.33949995,3.09948338,0.042025396,0.186794979,0.098718787,0.002007461
-2.359499931,3.389374609,0.043207351,0.192123964,0.09990331,0.002099124
-2.379499912,3.685520996,0.044347896,0.197815408,0.100851124,0.002171223
-2.399499893,4.061465036,0.045479123,0.203297375,0.102103897,0.00228096
-2.419500113,5.1481174,0.046638992,0.20920071,0.104402092,0.002340505
-2.439500093,5.638920548,0.047876724,0.215420773,0.105750098,0.002407587
-2.459500074,6.260478307,0.049068478,0.221648615,0.106976834,0.002578125
-2.479500055,6.600103653,0.050366111,0.226741824,0.109066875,0.00267322
-2.499500036,7.09293974,0.05174709,0.234953386,0.11175798,0.002756199
-2.519500017,7.903113411,0.053164175,0.24207757,0.114556683,0.002757756
-2.539499998,8.256072641,0.054842259,0.249832006,0.118268195,0.002738202
-2.559499979,8.998460845,0.056281197,0.257836703,0.120695253,0.002908646
-2.57949996,10.02500153,0.057955816,0.266454001,0.124447874,0.002941996
-2.599499941,10.55015201,0.059511515,0.27509916,0.128914981,0.003117694
-2.619499922,11.62997243,0.061254563,0.284385654,0.132199024,0.00317033
-2.639499903,13.05501142,0.062957918,0.294087322,0.136653624,0.003403003
-2.659499884,14.2936512,0.065136806,0.304039131,0.141032351,0.003458537
-2.679500103,16.08607963,0.067521853,0.314852359,0.145892225,0.003620036
-2.699500084,18.13942944,0.069783662,0.325803826,0.151480928,0.00381581
-2.719500065,19.90143402,0.072994261,0.337491135,0.156295146,0.004018154
-2.739500046,22.13747987,0.075434163,0.349958729,0.162904076,0.003973094
-2.759500027,24.36893069,0.078387219,0.363050796,0.167962144,0.00425101
-2.779500008,26.81038127,0.08087873,0.376262504,0.173767111,0.004273268
-2.799499989,29.48208789,0.084317909,0.390626197,0.179403407,0.004345908
-2.819499969,32.32177316,0.087715629,0.405870028,0.185020597,0.005028499
-2.83949995,35.40769897,0.090403686,0.421528379,0.190623535,0.004788381
-2.859499931,38.63682524,0.09372573,0.438036079,0.196709377,0.004908194
-2.879499912,42.10623659,0.098050329,0.455404996,0.20360022,0.004856388
-2.899499893,46.02919818,0.101819636,0.473226469,0.208051017,0.005167875
-2.919500113,50.06646229,0.106458473,0.492109219,0.214685863,0.005079356
-2.939500093,54.36741385,0.111540959,0.51195652,0.216408206,0.005320149
-2.959500074,58.91338791,0.119769139,0.533155868,0.220151761,0.005287032
-2.979500055,63.13674721,0.120393512,0.554982815,0.225356522,0.0053419
-2.999500036,68.21776225,0.125897609,0.57786918,0.226861457,0.005691582
-3.019500017,73.86360133,0.129169149,0.602596752,0.231181196,0.005847943
-3.039499998,79.13055376,0.135974871,0.627757247,0.234426258,0.006268063
-3.059499979,85.04681505,0.141320033,0.654782182,0.237982187,0.006439702
-3.07949996,90.93185779,0.147355757,0.683432515,0.240336305,0.006845881
-3.099499941,97.21667652,0.152609835,0.713459666,0.243478647,0.007009604
-3.119499922,103.5155498,0.157828345,0.745354975,0.243165961,0.006798347
-3.139499903,110.0263335,0.166279996,0.779413919,0.244551475,0.007070425
-3.159499884,116.9075374,0.175025838,0.815276433,0.246435932,0.007445154
-3.179500103,123.8760315,0.182391397,0.853908574,0.248353088,0.008005278
-3.199500084,130.7685267,0.186775374,0.89423165,0.250092898,0.007697356
-3.219500065,138.1552694,0.201860094,0.937023969,0.248699252,0.007950359
-3.239500046,145.7492274,0.203098422,0.98167297,0.248193197,0.008015277
-3.259500027,153.030723,0.210916258,1.030534153,0.248198263,0.008125324
-3.279500008,160.9022614,0.227537753,1.08302068,0.249697771,0.008212072
-3.299499989,169.0700681,0.234072448,1.138362793,0.24978152,0.008431304
-3.319499969,177.4277261,0.239766265,1.197489665,0.248282117,0.00858614
-3.33949995,185.2197557,0.251984345,1.259766333,0.246150201,0.008420765
-3.359499931,193.3286197,0.268398417,1.32680735,0.244650497,0.008496591
-3.379499912,201.7589363,0.276284457,1.397439125,0.241782943,0.008310664
-3.399499893,210.1775844,0.286013913,1.472516579,0.238806595,0.0089049
-3.419500113,218.561304,0.293504017,1.55478995,0.237637722,0.008855186
-3.439500093,227.0087538,0.30990925,1.641463253,0.235143391,0.008494842
-3.459500074,235.6439459,0.330133272,1.733519403,0.235340443,0.008695043
-3.479500055,244.3452543,0.346774128,1.833398358,0.235932051,0.008943177
-3.499500036,252.9325872,0.370218332,1.939750884,0.234618785,0.008952875
-3.519500017,261.5419486,0.38723558,2.051494646,0.234099757,0.009117417
-3.539499998,270.3306165,0.408793314,2.172221432,0.231616235,0.009089205
-3.559499979,279.0323097,0.435158726,2.318283046,0.228699583,0.009969386
-3.57949996,287.8605396,0.470351924,2.451451504,0.225482528,0.009947846
-3.599499941,296.4800609,0.506642008,2.595544279,0.220220703,0.01050301
-3.619499922,304.9018647,0.537701389,2.753534025,0.218614069,0.009664826
-3.639499903,313.7723042,0.540488234,2.918258068,0.217168378,0.009880756
-3.659499884,322.2778193,0.575922469,3.095790894,0.218003355,0.009763335
-3.679500103,330.9744941,0.615922473,3.281806338,0.215849986,0.010273594
-3.699500084,339.539152,0.65196235,3.482104702,0.213712298,0.010469974
-3.719500065,347.976288,0.700962748,3.694115742,0.210573083,0.009946788
-3.739500046,356.389379,0.745697912,3.916717709,0.206348052,0.009997856
-3.759500027,364.6543203,0.800179038,4.154339348,0.206624584,0.010524923
-3.779500008,372.8826553,0.854801231,4.405630946,0.202541899,0.010944622
-3.799499989,381.0796179,0.926211844,4.67478126,0.199147831,0.011570179
-3.819499969,389.2758415,0.976221786,4.953988061,0.201537606,0.01175975
-3.83949995,397.3582128,1.047355734,5.257709039,0.199209015,0.011935726
-3.859499931,405.4867039,1.117973576,5.575150634,0.199583982,0.012720532
-3.879499912,413.4385362,1.197250686,5.907013192,0.194455634,0.012362787
-3.899499893,421.3384299,1.289301008,6.262120635,0.193438834,0.013168163
-3.919500113,429.2755149,1.372913465,6.637027613,0.19446049,0.012986633
-3.939500093,436.7942283,1.484044651,7.03122628,0.190459856,0.01234978
-3.959500074,444.659055,1.586362153,7.448405783,0.190616876,0.012049222
-3.979500055,452.2261048,1.78338345,7.881113747,0.188765986,0.01218718
-3.999500036,459.7184641,1.921862233,8.341041955,0.185856174,0.012720423
-4.019499779,467.0747425,2.0794944,8.831845355,0.186494008,0.01223553
-4.039500237,474.5303722,2.248952831,9.340309902,0.180620055,0.012168335
-4.059500217,481.698816,2.424234618,9.885614578,0.179846819,0.013019718
-4.079500198,488.6924174,2.612799169,10.450639,0.178061504,0.01350683
-4.099500179,495.9875518,2.819114721,11.04389745,0.179082483,0.01409948
-4.11950016,502.899166,3.050702498,11.67504971,0.176058752,0.014249102
-4.139500141,509.9069296,3.315853644,12.33662441,0.172684496,0.014163118
-4.159500122,516.5900696,3.580231983,13.02165992,0.172948385,0.014610014
-4.179500103,523.381982,3.884018454,13.74357672,0.171552679,0.015240821
-4.199500084,530.0097352,4.221647543,14.49419487,0.167324791,0.016521218
-4.219500065,536.6763423,4.592469112,15.29162319,0.168184046,0.016647015
-4.239500046,543.1468329,4.98054596,16.20133542,0.167629374,0.017017202
-4.259500027,549.6061784,5.413934871,17.0569377,0.159627805,0.015466918
-4.279500008,555.7849264,5.905490475,17.96316214,0.159887154,0.015524201
-4.299499989,562.1174273,6.440349759,18.91628036,0.156950674,0.015796457
-4.319499969,567.9392864,7.015326242,19.92625416,0.159209242,0.015470719
-4.33949995,574.0164356,7.678059311,20.95962546,0.157760695,0.016117911
-4.359499931,580.1049762,8.385417985,22.04852258,0.151752799,0.016070924
-4.379499912,585.6503017,9.16644857,23.37861967,0.153740804,0.01630037
-4.399499893,591.4705598,10.02396136,24.56532528,0.155678253,0.016622342
-4.419499874,597.1668057,10.94986605,24.99925346,0.153718014,0.016897844
-4.439499855,602.8717338,11.95448407,24.99923319,0.153079323,0.017516218
-4.459499836,608.3226647,13.07726442,24.99920787,0.153409042,0.017819378
-4.479499817,613.8333235,14.31955405,24.99935224,0.151791178,0.018093027
-4.499499798,619.2348713,15.68099891,24.99885579,0.153453494,0.01947206
-4.519499779,624.2026844,18.31373017,24.99893431,0.147133017,0.020162424
-4.539500237,629.7810142,20.058527,24.99900777,0.148507887,0.019850825
-4.559500217,634.7603419,21.93667293,24.99912681,0.147314059,0.019678431
-4.579500198,639.8328326,23.92885091,24.99937757,0.151371638,0.020094964
-4.599500179,644.7983059,26.14340118,24.99948395,0.14575517,0.02079665
-4.61950016,649.7663038,28.5202771,24.99900017,0.148956125,0.021881061
-4.639500141,654.5899082,31.10110302,24.99912681,0.153566,0.021350542
-4.659500122,659.5535958,33.92389922,24.99870889,0.151360543,0.021497394
-4.679500103,664.043094,36.91956955,24.99908882,0.150279583,0.021290995
-4.699500084,668.8224875,40.15628847,24.99879247,0.14977891,0.022042258
-4.719500065,673.3686348,43.6407907,24.99896217,0.150058042,0.021921825
-4.739500046,677.7631227,47.41354988,24.99933451,0.14611999,0.022668994
-4.759500027,682.3112403,51.44756563,24.99907109,0.148878104,0.022718266
-4.779500008,686.7658255,55.76922645,24.99917494,0.148877006,0.023474863
-4.799499989,691.3244109,60.32944209,24.99923319,0.145245372,0.023692459
-4.819499969,695.6807838,65.24300659,24.99872155,0.149296021,0.02408765
-4.83949995,700.0793972,70.51694328,24.99907109,0.150345006,0.024656806
-4.859499931,704.4994388,76.09682804,24.99935224,0.152379915,0.025907344
-4.879499912,708.8087684,82.02197616,24.99894445,0.152122565,0.026980393
-4.899499893,713.0634194,88.28205083,24.99895711,0.151949911,0.025703621
-4.919499874,717.3551385,94.91661363,24.99871902,0.158137437,0.024630661
-4.939499855,721.6895907,101.9215699,24.99897737,0.154573059,0.026705332
-4.959499836,726.1901109,109.3208643,24.99895711,0.154599713,0.026369563
-4.979499817,730.6080589,117.0662534,24.99895458,0.15327839,0.026565598
-4.999499798,735.0745896,125.3257198,24.99852399,0.154371166,0.027450078
-5.019499779,739.4036848,133.897592,24.99945355,0.150687502,0.02576395
-5.039500237,743.99041,142.8838141,24.99887099,0.15503164,0.025552238
-5.059500217,748.4619282,152.3075996,24.99912681,0.157646355,0.025234455
-5.079500198,752.9207005,162.0892405,24.99930158,0.158551535,0.02664911
-5.099500179,757.6588387,178.6380524,24.9991724,0.15739105,0.026399484
-5.11950016,762.2862035,190.4052386,24.99914454,0.163321662,0.026336644
-5.139500141,766.9256985,201.6581086,24.99905589,0.165973688,0.02728395
-5.159500122,771.66162,213.2735907,24.99907109,0.158791055,0.029438761
-5.179500103,776.7538148,225.286228,24.99907615,0.161245744,0.028136761
-5.199500084,781.49731,237.5755193,24.99883047,0.162233139,0.028129878
-5.219500065,786.7979363,250.2820699,24.99851385,0.162045814,0.029362151
-5.239500046,791.872028,263.430448,24.99940036,0.166687905,0.026661604
-5.259500027,797.0474722,276.8864675,24.9989951,0.166050913,0.026851893
-5.279500008,802.3575195,290.7515876,24.99900777,0.165868216,0.02769764
-5.299499989,807.6045755,304.9791658,24.99880007,0.170607691,0.030533697
-5.319499969,812.902123,319.4959284,24.99915721,0.172372051,0.02909311
-5.33949995,818.2130939,334.5710482,24.99911415,0.170020368,0.029271593
-5.359499931,823.8204255,350.1552039,24.99911415,0.175774208,0.030371121
-5.379499912,829.4020803,366.1553875,24.99873928,0.17708609,0.030817371
-5.399499893,835.3150088,382.6249223,24.99910402,0.177857702,0.029456333
-5.419499874,841.0527563,399.7536733,24.99892165,0.174599877,0.029134669
-5.439499855,847.2836584,417.411318,24.99908122,0.17636359,0.028322795
-5.459499836,853.7441738,435.7190659,24.99868862,0.182182898,0.02987113
-5.479499817,859.8264953,454.6945886,24.99867343,0.180224358,0.02875773
-5.499499798,866.363487,474.4715337,24.99895711,0.184736098,0.029581073
-5.519499779,872.6030096,494.7362717,24.99932438,0.185237176,0.030573959
-5.539500237,879.3483096,516.1240968,24.99918254,0.182402199,0.031797326
-5.559500217,886.2508107,538.371132,24.99877981,0.190804728,0.033673613
-5.579500198,893.2944418,561.5071791,24.99946369,0.194393729,0.032863738
-5.599500179,900.5382534,585.6445499,24.99908629,0.191505805,0.032514217
-5.61950016,907.5481414,610.7796117,24.9988482,0.196281659,0.033202893
-5.639500141,914.9772939,636.858302,24.9993877,0.194628769,0.03279459
-5.659500122,922.4378496,664.1084462,24.99886593,0.195537182,0.034548641
-5.679500103,930.0937214,692.3270951,24.99891658,0.201154913,0.033522686
-5.699500084,937.8559333,721.5463904,24.99932944,0.207460612,0.034166066
-5.719500065,945.7105078,751.8105427,24.99902043,0.206159959,0.034158197
-5.739500046,953.9837926,782.9994816,24.999218,0.218114072,0.032256677
-5.759500027,962.3850919,815.4383205,24.99888366,0.221531096,0.035346787
-5.779500008,970.9471637,848.7771315,24.99908122,0.226116588,0.039670802
-5.799499989,979.7636019,883.0848166,24.99909895,0.229545564,0.035605429
-5.819499969,988.7776345,918.3272019,24.99945102,0.228830761,0.033733106
-5.83949995,997.8468384,954.4420973,24.99878234,0.237933555,0.032870999
-5.859499931,1007.14818,991.4570264,24.99880007,0.236685398,0.032817214
-5.879499912,1016.926728,1029.528512,24.99875448,0.238993214,0.032397333
-5.899499893,1026.757123,1068.549413,24.99942316,0.241624089,0.032089803
-5.919499874,1036.572185,1108.349293,24.99907615,0.245063558,0.032479119
-5.939499855,1046.547343,1149.318226,24.99892925,0.246577227,0.031040838
-5.959499836,1056.801805,1191.399932,24.99914454,0.24572573,0.030951167
-5.979499817,1066.985702,1234.632465,24.99897231,0.253025966,0.031586338
-5.999499798,1077.432524,1278.889228,24.99899004,0.260164101,0.030369526
-6.019499779,1088.71923,1324.531292,24.99882793,0.263717865,0.031444487
-6.039500237,1100.079826,1371.450903,24.99878487,0.268312242,0.030507149
-6.059500217,1111.311484,1419.724044,24.99880007,0.272110292,0.034982192
-6.079500198,1122.820476,1469.340493,24.99894445,0.272845645,0.034568277
-6.099500179,1135.366515,1520.16922,24.99893431,0.277973571,0.03609998
-6.11950016,1147.090896,1572.101854,24.99895711,0.280964411,0.034338871
-6.139500141,1159.710086,1625.293808,24.99891405,0.287353333,0.036552416
-6.159500122,1173.340708,1652.960688,24.99905336,0.290351027,0.035790338
-6.179500103,1186.831185,1652.959826,24.99908375,0.303806528,0.03515751
-6.199500084,1201.189377,1652.960196,24.99929398,0.305709431,0.035569759
-6.219500065,1217.470312,1652.958472,24.99920027,0.31182325,0.036012416
-6.239500046,1232.581321,1652.959826,24.99866836,0.317386592,0.034144754
-6.259500027,1249.37222,1652.958102,24.99902043,0.321445103,0.035201042
-6.279500008,1267.383291,1652.958718,24.99914708,0.328891053,0.03489809
-6.299499989,1287.130531,1652.95995,24.99890645,0.333930345,0.035660363
-6.319499969,1307.642534,1652.959088,24.99922813,0.344184605,0.035578753
-6.33949995,1330.002527,1652.959088,24.99916227,0.354735134,0.035479287
-6.359499931,1352.655494,1652.957363,24.99915214,0.357139568,0.037706383
-6.379499912,1380.27338,1652.95724,24.99914708,0.361067232,0.037620354
-6.399499893,1408.898141,1652.957487,24.99920533,0.36704371,0.039256873
-6.419499874,1439.977037,1652.957856,24.99931425,0.37570712,0.040538689
-6.439499855,1475.351408,1652.957117,24.99922813,0.376622628,0.039757016
-6.459499836,1513.681136,1652.957487,24.99904323,0.386814892,0.042300813
-6.479499817,1553.849371,1652.958349,24.99918254,0.395656202,0.040232941
-6.499499798,1652.95761,1652.95724,24.99894445,0.401747682,0.038579623
-6.519499779,1652.958102,1652.958226,24.99859744,0.409205449,0.041475285
-6.539500237,1652.958102,1652.958349,24.99912428,0.419619028,0.042077408
-6.559500217,1652.958102,1652.956625,24.99877221,0.430755061,0.044423607
-6.579500198,1652.958718,1652.958595,24.99949915,0.433498158,0.042599935
-6.599500179,1652.958472,1652.957733,24.99891912,0.447163217,0.041048555
-6.61950016,1652.957117,1652.956501,24.99915721,0.460506271,0.041887597
-6.639500141,1652.961304,1652.956994,24.99887099,0.463199939,0.041512567
-6.659500122,1652.957979,1652.957117,24.99924586,0.476873989,0.042445452
-6.679500103,1652.957364,1652.95761,24.99945355,0.478183631,0.041393318
-6.699500084,1652.958965,1652.956132,24.99908629,0.489425587,0.045940377
-6.719500065,1652.959457,1652.957487,24.99867343,0.494945543,0.044496724
-6.739500046,1652.958965,1652.95761,24.99913948,0.493150456,0.043551293
-6.759500027,1652.957856,1652.956994,24.99912935,0.509706808,0.044559325
-6.779500008,1652.957487,1652.956994,24.9991876,0.524038159,0.043539608
-6.799499989,1652.958472,1652.956009,24.99877981,0.538776062,0.045145194
-6.819499969,1652.956871,1652.956255,24.99929145,0.546201748,0.043387452
-6.83949995,1652.957117,1652.956255,24.99908882,0.565536073,0.044872372
-6.859499931,1652.956625,1652.956132,24.99934971,0.570488775,0.043805674
-6.879499912,1652.95958,1652.955516,24.99931678,0.5824828,0.045705258
-6.899499893,1652.957856,1652.95724,24.9989875,0.586547174,0.04714368
-6.919499874,1652.958102,1652.956255,24.99925599,0.595488484,0.046750057
-6.939499855,1652.958965,1652.956378,24.99925092,0.601433543,0.049387501
-6.959499836,1652.957733,1652.955393,24.99939023,0.625227848,0.046438194
-6.979499817,1652.955516,1652.955639,24.99924839,0.631264728,0.046788823
-6.999499798,1652.958965,1652.95527,24.99913694,0.636207028,0.049186289
-7.019499779,1652.957733,1652.956255,24.99891912,0.646681761,0.050613233
-7.039500237,1652.957487,1652.955763,24.99930158,0.664997451,0.051667094
-7.059500217,1652.956748,1652.956748,24.99907869,0.674215368,0.05038259
-7.079500198,1652.957856,1652.955147,24.9991876,0.695654608,0.051360135
-7.099500179,1652.954777,1652.956501,24.99932438,0.711141454,0.048837607
-7.11950016,1652.956255,1652.955639,24.99875448,0.728697317,0.049739611
-7.139500141,1652.953546,1652.955639,24.99908882,0.728535082,0.050552579
-7.159500122,1652.956502,1652.955639,24.99895458,0.738186789,0.049397905
-7.179500103,1652.956625,1652.956009,24.99933957,0.747139825,0.053404172
-7.199500084,1652.955639,1652.956501,24.99924079,0.766936864,0.056470988
-7.219500065,1652.957364,1652.955393,24.99890139,0.774846311,0.052575085
-7.239500046,1652.942339,1652.956994,24.99942823,0.776926032,0.051393486
-7.259500027,1652.957733,1652.956132,24.99917747,0.788126618,0.050976614
-7.279500008,1652.95761,1652.956625,24.99905336,0.806628356,0.052651727
-7.299499989,1652.95761,1652.954408,24.99915467,0.814912604,0.052279465
-7.319499969,1652.957733,1652.95527,24.99952954,0.819096941,0.052967359
-7.33949995,1652.955886,1652.956748,24.99959033,0.849050376,0.050892212
-7.359499931,1652.95761,1652.956009,24.9991724,0.855854058,0.050620585
-7.379499912,1652.956009,1652.956994,24.99942063,0.871817629,0.053092809
-7.399499893,1652.97522,1652.954038,24.99915214,0.894201902,0.054616939
-7.419499874,1652.957364,1652.955024,24.99947635,0.925208906,0.05266057
-7.439499855,1652.957487,1652.95527,24.99934717,0.940117283,0.057900477
-7.459499836,1652.956994,1652.955763,24.99920027,0.959998928,0.054484483
-7.479499817,1652.956871,1652.954408,24.99937757,0.964416095,0.055438982
-7.499499798,1652.95761,1652.957487,24.99915974,0.993588717,0.058027472
-7.519499779,1652.95761,1652.955024,24.9995498,0.996066812,0.059007403
-7.539500237,1652.960812,1652.954285,24.99949661,0.994756899,0.055783463
-7.559500217,1652.955886,1652.955639,24.99952701,1.015133308,0.052722773
-7.579500198,1652.956748,1652.955763,24.99931931,1.019722212,0.054411017
-7.599500179,1652.956994,1652.95527,24.99920787,1.046864421,0.05539627
-7.61950016,1652.957979,1652.955147,24.99907869,1.084863079,0.058287411
-7.639500141,1652.956994,1652.956255,24.99897991,1.092852442,0.058899595
-7.659500122,1652.956625,1652.956009,24.99901537,1.118580709,0.063385609
-7.679500103,1652.954039,1652.956132,24.99946115,1.148319772,0.057825395
-7.699500084,1652.954285,1652.955393,24.99902803,1.150081637,0.058232263
-7.719500065,1652.958718,1652.955393,24.99953967,1.158912605,0.059193546
-7.739500046,1652.958841,1652.955024,24.99938517,1.24903033,0.058137318
-7.759500027,1652.956994,1652.954408,24.99945102,1.263816279,0.05974995
-7.779500008,1652.957856,1652.9549,24.9990027,1.284851373,0.0599418
-7.799499989,1652.955639,1652.955763,24.99930158,1.322454724,0.061532616
-7.819499969,1652.958102,1652.954531,24.99904829,1.362356557,0.060281474
-7.83949995,1652.956502,1652.954654,24.99936744,1.371172372,0.061671814
-7.859499931,1652.958349,1652.955516,24.99912175,1.385450808,0.062678455
-7.879499912,1652.957487,1652.955024,24.99933451,1.40781614,0.061997627
-7.899499893,1652.958472,1652.9549,24.99922813,1.422541956,0.067596217
-7.919499874,1652.957364,1652.956132,24.999565,1.429718576,0.070027394
-7.939499855,1652.956255,1652.955639,24.99931931,1.446931206,0.066317437
-7.959499836,1652.955763,1652.956748,24.99951688,1.486132022,0.066557875
-7.979499817,1652.957733,1652.956625,24.99900523,1.48365062,0.066674914
-7.999499798,1652.956378,1652.955147,24.99938517,1.535763674,0.068137403
-8.019499779,1652.956502,1652.956748,24.99961059,1.557354867,0.069260863
-8.039500237,1652.957117,1652.955516,24.99886593,1.558795386,0.069539762
-8.059499741,1652.955639,1652.955147,24.99946622,1.565577421,0.072790341
-8.079500198,1652.957487,1652.955147,24.99931425,1.581078218,0.070935836
-8.099499702,1652.956871,1652.955639,25.00001332,1.628948126,0.071599978
-8.11950016,1652.956502,1652.956501,24.99951941,1.623411422,0.071152942
-8.139499664,1652.957364,1652.955024,24.99937757,1.651338712,0.072285075
-8.159500122,1652.956378,1652.957363,24.99920787,1.694204325,0.076730836
-8.179499626,1652.955763,1652.955147,24.99941809,1.73495053,0.080589829
-8.199500084,1652.95761,1652.956132,24.99952954,1.735074642,0.077279419
-8.219499588,1652.956748,1652.955147,24.99935224,1.734570616,0.07779069
-8.239500046,1652.956994,1652.955147,24.99929905,1.777695398,0.081351422
-8.25949955,1652.957364,1652.954654,24.99922813,1.794815184,0.082596776
-8.279500008,1652.956502,1652.954531,24.99936237,1.8089843,0.081094298
-8.299500465,1652.956502,1652.9549,24.99906856,1.813695032,0.086459972
-8.319499969,1652.956994,1652.954285,24.99937757,1.83689295,0.082609576
-8.339500427,1652.958102,1652.955393,24.99913441,1.886740235,0.08324248
-8.359499931,1652.955516,1652.955639,24.99946875,1.911679211,0.086235221
-8.379500389,1652.95527,1652.95527,24.99948395,1.980029918,0.084717221
-8.399499893,1652.957364,1652.9549,24.99924079,2.010564406,0.085641666
-8.419500351,1652.956625,1652.955393,24.99946875,1.997830277,0.084900331
-8.439499855,1652.955639,1652.953915,24.99919773,2.036439033,0.085577694
-8.459500313,1652.956378,1652.956625,24.99920027,2.062713299,0.086825964
-8.479499817,1652.956502,1652.956501,24.99913188,2.083652422,0.092151649
-8.499500275,1652.956994,1652.95527,24.99969924,2.139208748,0.092108211
-8.519499779,1652.955886,1652.955024,24.99922306,2.166907417,0.092370522
-8.539500237,1652.956748,1652.953915,24.99913188,2.206144912,0.094577227
-8.559499741,1652.954901,1652.954408,24.99947128,2.24053193,0.090136968
-8.579500198,1652.955886,1652.955393,24.99956247,2.230928387,0.092610576
-8.599499702,1652.955886,1652.956625,24.99928638,2.225123496,0.093019743
-8.61950016,1652.956994,1652.955147,24.9989875,2.265375296,0.090762167
-8.639499664,1652.956625,1652.955639,24.99926359,2.279172436,0.095824212
-8.659500122,1652.955763,1652.954162,24.99905589,2.363080463,0.092660613
-8.679499626,1652.955639,1652.956132,24.99941049,2.38367924,0.094245915
-8.699500084,1652.955516,1652.9549,24.99916987,2.422205496,0.095146788
-8.719499588,1652.955639,1652.955639,24.99920027,2.446406413,0.096508279
-8.739500046,1652.955763,1652.954285,24.9992028,2.479970827,0.095825279
-8.75949955,1652.954408,1652.954162,24.99900017,2.47888268,0.096959096
-8.779500008,1652.95761,1652.955516,24.99950421,2.526093423,0.104794423
-8.799500465,1652.955393,1652.956132,24.99947635,2.558521343,0.102356037
-8.819499969,1652.955639,1652.95527,24.99955993,2.601416541,0.104378678
-8.839500427,1652.954901,1652.9549,24.99922306,2.644808428,0.103973517
-8.859499931,1652.955516,1652.95527,24.99912681,2.675004254,0.101185292
-8.879500389,1652.955393,1652.954531,24.99870129,2.704356789,0.101858604
-8.899499893,1652.955639,1652.954408,24.99897484,2.744566016,0.100770901
-8.919500351,1652.956255,1652.952684,24.99913948,2.800939655,0.10415383
-8.939499855,1652.956378,1652.954285,24.99915467,2.851810986,0.104938919
-8.959500313,1652.956378,1652.954408,24.99885326,2.891751062,0.107354011
-8.979499817,1652.954901,1652.954285,24.99925092,2.892548892,0.108467955
-8.999500275,1652.956009,1652.955147,24.99910148,2.932287406,0.1046668
-9.019499779,1652.956378,1652.954408,24.99927625,2.957336664,0.105043421
-9.039500237,1652.955639,1652.954162,24.99930158,3.016263022,0.105469312
-9.059499741,1652.954531,1652.9549,24.9994029,3.075132374,0.105398184
-9.079999924,1652.955516,1652.954531,24.9992104,3.093371095,0.108211199
-9.100000381,1652.955763,1652.953669,24.99941303,3.129994056,0.108138281
-9.119999886,1652.957364,1652.955147,24.99953967,3.183070544,0.108262927
-9.140000343,1652.95761,1652.9549,24.99945102,3.228607454,0.106566261
-9.159999847,1652.956009,1652.954531,24.99949661,3.252335495,0.110073491
-9.180000305,1652.956255,1652.9533,24.99945102,3.278170557,0.110354081
-9.199999809,1652.954408,1652.954408,24.99953461,3.32589723,0.110522638
-9.220000267,1652.956994,1652.9549,24.99945862,3.41297517,0.110651057
-9.239999771,1652.957856,1652.954162,24.99953461,3.442569195,0.117323253
-9.260000229,1652.955639,1652.956378,24.99927879,3.477960175,0.116785509
-9.279999733,1652.955639,1652.954285,24.99944089,3.527331816,0.118067453
-9.300000191,1652.954654,1652.954654,24.99968151,3.581379795,0.117857059
-9.319999695,1652.955024,1652.953423,24.9995726,3.662197764,0.119990719
-9.340000153,1652.955024,1652.954038,24.99948648,3.722513889,0.12002915
-9.359999657,1652.955024,1652.954038,24.9999196,3.796864315,0.1169138
-9.380000114,1652.954408,1652.954531,24.99913694,3.834157626,0.116388496
-9.399999619,1652.955516,1652.953546,24.99963339,3.892827581,0.117186536
-9.420000076,1652.958472,1652.9549,24.9993649,3.938278143,0.120251781
-9.43999958,1652.956502,1652.9549,24.99935477,3.984073862,0.118737277
-9.460000038,1652.955639,1652.954285,24.99948648,4.04353852,0.121539234
-9.479999542,1652.955516,1652.954531,24.99977523,4.119296993,0.122221935
-9.5,1652.956009,1652.954038,24.9994029,4.151354983,0.120463641
-9.520000458,1652.956009,1652.9533,24.9993725,4.207040472,0.126560563
-9.539999962,1652.954531,1652.954654,24.99945609,4.263781396,0.123194252
-9.56000042,1652.955639,1652.953915,24.99971697,4.306422116,0.122452443
-9.579999924,1652.955393,1652.954408,24.99933451,4.400843601,0.125563057
-9.600000381,1652.953792,1652.954531,24.9990103,4.451832068,0.125515523
-9.619999886,1652.954777,1652.953176,24.99931931,4.524434339,0.124599767
-9.640000343,1652.955886,1652.953546,24.99932691,4.604925913,0.12426599
-9.659999847,1652.954285,1652.953915,24.99983095,4.675020926,0.124614138
-9.680000305,1652.955639,1652.9533,24.99951941,4.727148051,0.126708366
-9.699999809,1652.953792,1652.953176,24.99953967,4.813546018,0.12541614
-9.720000267,1652.954777,1652.954162,24.99957513,4.920204101,0.128802068
-9.739999771,1652.956625,1652.955024,24.99954474,4.977749349,0.126620123
-9.760000229,1652.954285,1652.953176,24.99942823,5.004104912,0.12934091
-9.779999733,1652.954901,1652.955147,24.99929652,5.068282466,0.130408206
-9.800000191,1652.955886,1652.953423,24.9993649,5.173117831,0.12960546
-9.819999695,1652.955763,1652.953669,24.99925346,5.268633235,0.131734956
-9.840000153,1652.954901,1652.954162,24.9993953,5.367334185,0.13139061
-9.859999657,1652.954408,1652.953915,24.99968658,5.433874201,0.131638474
-9.880000114,1652.957364,1652.954038,24.99940543,5.487629697,0.138032658
-9.899999619,1652.954777,1652.954038,24.99928638,5.532430354,0.135243727
-9.920000076,1652.956255,1652.953546,24.99912175,5.594688017,0.137181611
-9.93999958,1652.956871,1652.953669,24.99918,5.672422184,0.13429483
-9.960000038,1652.955639,1652.954038,24.99926105,5.808757033,0.135470408
-9.979999542,1652.957733,1652.954408,24.99976003,5.88534244,0.132203218
-10,1652.955393,1652.952314,24.99944596,6.019996964,0.136601865
-10.02000046,1652.955763,1652.953176,,6.070121457,0.135656081
-10.03999996,1652.956502,1652.953053,,6.144828344,0.136716191
-10.06000042,1652.955393,1652.953669,,6.23281668,0.138276854
-10.07999992,1652.955516,1652.952438,,6.291885429,0.136849052
-10.10000038,1652.954901,1652.951945,,6.316412021,0.137412533
-10.11999989,1652.955393,1652.9533,,6.428474276,0.139678182
-10.14000034,1652.955639,1652.953053,,6.536814607,0.138818025
-10.15999985,1652.955763,1652.952438,,6.636349227,0.140189003
-10.18000031,1652.953669,1652.952561,,6.714192592,0.138713892
-10.19999981,1652.955886,1652.953053,,6.795412484,0.138112047
-10.22000027,1652.954777,1652.952438,,6.898611299,0.13879035
-10.23999977,1652.965368,1652.952438,,6.993532119,0.136789882
-10.26000023,1652.954654,1652.952438,,7.126384611,0.137426258
-10.27999973,1652.956378,1652.953053,,7.230671092,0.136911273
-10.30000019,1652.955516,1652.951822,,7.378324204,0.142383906
-10.3199997,1652.955024,1652.952068,,7.44176382,0.138125351
-10.34000015,1652.954901,1652.951945,,7.535786991,0.140205117
-10.35999966,1652.952438,1652.952684,,7.677013208,0.140585437
-10.38000011,1652.954777,1652.951452,,7.817704973,0.1420257
-10.39999962,1652.9533,1652.944802,,7.884150702,0.140983675
-10.42000008,1652.95527,1652.957117,,8.043204819,0.139874046
-10.43999958,1652.955516,1652.963644,,8.171905324,0.144432343
-10.46000004,1652.954901,1652.95293,,8.299580221,0.143526953
-10.47999954,1652.954901,1652.956132,,8.384321916,0.146871563
-10.5,1652.955763,1652.952191,,8.607223584,0.13906416
-10.52000046,1652.954408,1652.951945,,8.723648527,0.137169615
-10.53999996,1652.953546,1652.95293,,8.933135493,0.140822101
-10.56000042,1652.955024,1652.952068,,9.022960016,0.140302306
-10.57999992,1652.960565,1652.952684,,9.11702552,0.144565551
-10.60000038,1652.954285,1652.952561,,9.245405643,0.139921686
-10.61999989,1652.954408,1652.9533,,9.397796186,0.146288419
-10.64000034,1652.955024,1652.953546,,9.55414966,0.145784679
-10.65999985,1652.954777,1652.952561,,9.737067956,0.147782035
-10.68000031,1652.954654,1652.95293,,9.913288042,0.152735144
-10.69999981,1652.956255,1652.952068,,10.02591842,0.155726765
-10.72000027,1652.956009,1652.951822,,10.16295273,0.151538339
-10.73999977,1652.956255,1652.954285,,10.37965167,0.151700093
-10.76000023,1652.955763,1652.952684,,10.562569,0.153653838
-10.77999973,1652.956994,1652.953176,,10.71513561,0.150140512
-10.80000019,1652.954654,1652.952314,,10.88305654,0.15559001
-10.8199997,1652.953792,1652.953176,,11.06707645,0.153728568
-10.84000015,1652.955886,1652.95293,,11.14414435,0.152964005
-10.85999966,1652.954654,1652.953546,,11.17994543,0.156088728
-10.88000011,1652.954777,1652.952314,,11.36013903,0.152172655
-10.89999962,1652.95527,1652.953176,,11.58540364,0.153589753
-10.92000008,1652.955024,1652.95293,,11.73403714,0.152326607
-10.93999958,1652.955024,1652.953176,,11.92395094,0.15691497
-10.96000004,1652.954901,1652.952561,,12.07680234,0.16119857
-10.97999954,1652.955639,1652.953423,,12.27593315,0.160939943
-11,1652.954777,1652.952068,,12.44173454,0.157908034
-11.02000046,1652.955024,1652.953669,,12.72801233,0.15822789
-11.03999996,1652.95527,1652.952314,,12.90106803,0.155895134
-11.06000042,1652.955886,1652.953053,,13.09643315,0.153111073
-11.07999992,1652.955763,1652.952314,,13.41282402,0.155128467
-11.10000038,1652.953792,1652.954654,,13.54922717,0.156188863
-11.11999989,1652.954531,1652.953546,,13.77005261,0.151660572
-11.14000034,1652.955393,1652.953546,,14.20907018,0.151957473
-11.15999985,1652.956255,1652.952068,,14.4114587,0.152315934
-11.18000031,1652.953669,1652.952191,,14.68918717,0.153731288
-11.19999981,1652.953915,1652.952561,,14.92362646,0.156336667
-11.22000027,1652.954777,1652.952684,,15.13410152,0.152810879
-11.23999977,1652.954285,1652.9533,,15.37031109,0.154563965
-11.26000023,1652.954654,1652.9533,,15.62905329,0.155905266
-11.27999973,1652.954777,1652.953423,,15.91391677,0.155103512
-11.30000019,1652.956625,1652.953915,,16.18085037,0.152762083
-11.3199997,1652.956009,1652.9533,,16.44704699,0.160250215
-11.34000015,1652.955393,1652.952561,,16.72040941,0.158857155
-11.35999966,1652.956255,1652.953053,,17.06582232,0.162199119
-11.38000011,1652.955639,1652.953423,,17.38008404,0.164685392
-11.39999962,1652.955024,1652.95096,,17.67066053,0.163649681
-11.42000008,1652.955886,1652.9533,,17.98074477,0.164737692
-11.43999958,1652.955516,1652.952438,,18.26343388,0.165638227
-11.46000004,1652.955763,1652.953669,,18.58190387,0.165606959
-11.47999954,1652.955024,1652.9533,,18.91321226,0.164135562
-11.5,1652.955516,1652.954654,,19.22742587,0.164630988
-11.52000046,1652.95527,1652.953915,,19.62474078,0.166156233
-11.53999996,1652.954777,1652.953546,,19.96362289,0.172210627
-11.56000042,1652.954039,1652.954654,,20.27454032,0.168333549
-11.57999992,1652.954531,1652.953546,,20.65040979,0.169747851
-11.60000038,1652.955516,1652.952684,,21.02941767,0.170986086
-11.61999989,1652.954285,1652.9533,,21.30571068,0.166384329
-11.64000034,1652.95527,1652.95293,,21.63557205,0.172915237
-11.65999985,1652.954654,1652.953423,,21.98953428,0.16751353
-11.68000031,1652.954777,1652.9533,,22.45242469,0.166964196
-11.69999981,1652.954777,1652.954038,,22.80025635,0.170052494
-11.72000027,1652.95527,1652.953053,,23.23470101,0.172505303
-11.73999977,1652.956009,1652.95293,,23.6028486,0.171924414
-11.76000023,1652.954531,1652.952684,,24.02724691,0.166643076
-11.77999973,1652.954408,1652.953053,,24.45040986,0.174399052
-11.80000019,1652.95527,1652.952191,,24.85627024,0.173136312
-11.8199997,1652.954654,1652.95293,,25.4261954,0.171663592
-11.84000015,1652.954654,1652.95293,,25.91300386,0.17354802
-11.85999966,1652.954777,1652.953546,,26.26475324,0.175345137
-11.88000011,1652.953176,1652.953546,,26.73943912,0.178448843
-11.89999962,1652.953669,1652.9533,,27.15193035,0.173671486
-11.92000008,1652.95527,1652.953176,,27.76653591,0.176285404
-11.93999958,1652.954654,1652.952561,,28.31752481,0.17481769
-11.96000004,1652.953669,1652.95293,,28.68892433,0.177448114
-11.97999954,1652.955393,1652.953423,,29.23871637,0.177053393
-12,1652.953546,1652.954038,,29.69846453,0.183560189
-12.02000046,1652.955393,1652.9533,,30.26818957,0.186125265
-12.03999996,1652.955393,1652.953669,,30.85158619,0.19124599
-12.06000042,1652.955393,1652.951083,,31.33624146,0.191531451
-12.07999992,1652.954531,1652.953176,,32.10515792,0.189084054
-12.10000038,1652.953915,1652.952561,,32.59269952,0.183276983
-12.11999989,1652.955393,1652.9533,,33.21224454,0.186149588
-12.14000034,1652.954901,1652.951945,,33.87977962,0.18762109
-12.15999985,1652.954654,1652.952684,,34.53612728,0.194299202
-12.18000031,1652.954039,1652.952191,,35.14783688,0.194381462
-12.19999981,1652.954901,1652.952068,,35.78388402,0.208156789
-12.22000027,1652.956255,1652.953053,,36.60502189,0.199647406
-12.23999977,1652.953915,1652.953053,,37.14881037,0.206934458
-12.26000023,1652.955516,1652.952191,,37.78854816,0.216588872
-12.27999973,1652.955516,1652.9533,,38.47310874,0.214451063
-12.30000019,1652.954654,1652.952561,,39.28051538,0.215914554
-12.3199997,1652.954777,1652.954038,,40.15341478,0.221901088
-12.34000015,1652.954777,1652.952561,,40.70168669,0.218173738
-12.35999966,1652.954408,1652.951945,,41.62139082,0.219203888
-12.38000011,1652.955024,1652.951945,,42.64443328,0.221818933
-12.39999962,1652.954901,1652.952561,,43.40465804,0.235373846
-12.42000008,1652.953915,1652.954038,,44.28596244,0.229987864
-12.43999958,1652.956009,1652.952561,,45.31307654,0.236983817
-12.46000004,1652.954777,1652.952438,,46.43420419,0.234307362
-12.47999954,1652.953669,1652.953053,,47.34947108,0.241424376
-12.5,1652.953546,1652.952438,,48.61692413,0.239040884
-12.52000046,1652.954039,1652.95293,,49.70100285,0.243673008
-12.53999996,1652.953176,1652.952684,,50.48926735,0.236519945
-12.56000042,1652.954039,1652.954531,,51.82214389,0.245811102
-12.57999992,1652.953546,1652.952561,,52.86624116,0.248447645
-12.60000038,1652.953546,1652.954038,,54.45261447,0.248320842
-12.61999989,1652.954039,1652.953176,,55.70862227,0.262299174
-12.64000034,1652.954285,1652.953176,,56.90355916,0.269931413
-12.65999985,1652.954285,1652.951945,,58.48024979,0.274730809
-12.68000031,1652.952561,1652.953546,,59.74921914,0.277135633
-12.69999981,1652.954039,1652.952684,,61.27716927,0.288761651
-12.72000027,1652.954901,1652.953423,,62.85742741,0.28405068
-12.73999977,1652.954531,1652.951822,,64.36742842,0.290908871
-12.76000023,1652.953546,1652.951822,,66.20611318,0.29548611
-12.77999973,1652.954408,1652.95293,,67.99401392,0.312617653
-12.80000019,1652.954777,1652.954285,,69.74675531,0.290728415
-12.8199997,1652.953669,1652.952314,,71.9157594,0.286924743
-12.84000015,1652.953915,1652.951945,,74.03006947,0.307095681
-12.85999966,1652.954901,1652.951945,,76.16856312,0.303435123
-12.88000011,1652.954777,1652.952561,,78.63114934,0.311201486
-12.89999962,1652.95293,1652.95293,,80.98842684,0.323120257
-12.92000008,1652.95293,1652.952068,,83.11027215,0.349670166
-12.93999958,1652.954777,1652.951822,,85.53130291,0.344192632
-12.96000004,1652.955639,1652.952191,,88.7162029,0.345603507
-12.97999954,1652.954039,1652.951206,,91.49991838,0.404062519
-13,1652.954285,1652.952191,,94.27401276,0.331819777
-13.02000046,1652.954408,1652.952191,,97.40332588,0.334400727
-13.03999996,1652.953669,1652.952684,,100.5221405,0.331109018
-13.06000042,1652.954531,1652.951945,,104.0995429,0.345823499
-13.07999992,1652.954901,1652.953669,,107.2084439,0.359565228
-13.10000038,1652.953915,1652.953053,,111.3757045,0.345505793
-13.11999989,1652.955763,1652.952068,,114.4146254,0.353001292
-13.14000034,1652.955886,1652.951945,,118.2712091,0.379306644
-13.15999985,1652.954654,1652.951945,,122.5937081,0.373347214
-13.18000031,1652.9533,1652.952561,,126.9888964,0.379240018
-13.19999981,1652.954408,1652.9533,,131.0906565,0.382652893
-13.22000027,1652.9533,1652.952314,,135.1094289,0.389488716
-13.23999977,1652.954408,1652.951575,,140.2745593,0.394514989
-13.26000023,1652.954777,1652.952684,,145.3076266,0.452545231
-13.27999973,1652.954408,1652.951575,,149.8836839,0.437898758
-13.30000019,1652.953423,1652.951575,,154.9249869,0.442350442
-13.3199997,1652.95293,1652.953423,,159.9720471,0.439191414
-13.34000015,1652.954408,1652.952314,,165.2156857,0.456444904
-13.35999966,1652.954285,1652.95059,,170.2724132,0.457752953
-13.38000011,1652.953546,1652.950837,,176.2967464,0.465721389
-13.39999962,1652.951822,1652.951822,,182.7009361,0.489042577
-13.42000008,1652.950098,1652.952068,,187.3640297,0.460019383
-13.43999958,1652.95293,1652.950837,,193.2339327,0.492039881
-13.46000004,1652.953669,1652.951329,,200.0899139,0.504664569
-13.47999954,1652.953176,1652.952191,,206.2373048,0.514252357
-13.5,1652.952807,1652.952684,,213.1642204,0.522069321
-13.52000046,1652.9533,1652.953053,,220.6002385,0.530787061
-13.53999996,1652.952684,1652.953546,,228.6325032,0.547158146
-13.56000042,1652.955763,1652.953053,,236.5401707,0.547341428
-13.57999992,1652.953915,1652.950467,,277.7354468,0.595064133
-13.60000038,1652.954531,1652.951329,,1652.92633,0.567765883
-13.61999989,1652.953915,1652.952191,,1652.926207,0.586182474
-13.64000034,1652.954777,1652.951822,,1652.925221,0.570735736
-13.65999985,1652.95527,1652.952561,,1652.925837,0.570388595
-13.68000031,1652.953423,1652.952314,,1652.926699,0.586242245
-13.69999981,1652.954285,1652.951452,,1652.926576,0.579244819
-13.72000027,1652.954285,1652.950344,,1652.927561,0.623022271
-13.73999977,1652.952684,1652.952191,,1652.926699,0.612260288
-13.76000023,1652.952807,1652.953546,,1652.92596,0.652152199
-13.77999973,1652.953792,1652.95293,,1652.925837,0.678013598
-13.80000019,1652.955516,1652.951945,,1652.925714,0.628327286
-13.8199997,1652.954654,1652.952314,,1652.927069,0.652031153
-13.84000015,1652.954408,1652.951329,,1652.927069,0.649594188
-13.85999966,1652.954285,1652.951822,,1652.927315,0.665270209
-13.88000011,1652.953176,1652.951575,,1652.926453,0.723406854
-13.89999962,1652.953546,1652.952684,,1652.926453,0.66658403
-13.92000008,1652.953915,1652.952438,,1652.926453,0.692955348
-13.93999958,1652.954531,1652.951575,,1652.924975,0.70548575
-13.96000004,1652.952684,1652.951452,,1652.925468,0.727993955
-13.97999954,1652.953669,1652.95096,,1652.924852,0.738411442
-14,1652.952561,1652.952191,,1652.925221,0.776068372
-14.02000046,1652.952684,1652.952314,,1652.924236,0.794693921
-14.03999996,1652.954531,1652.952314,,1652.924729,0.844662371
-14.06000042,1652.953669,1652.952191,,1652.925468,0.780191193
-14.07999992,1652.952438,1652.952068,,1652.926207,0.784422734
-14.10000038,1652.951576,1652.951822,,1652.925591,0.832237862
-14.11999989,1652.95293,1652.953423,,1652.926576,0.818299833
-14.14000034,1652.953792,1652.952438,,1652.92596,0.808288296
-14.15999985,1652.952561,1652.951452,,1652.923744,0.841441227
-14.18000031,1652.952684,1652.951822,,1652.925345,0.869322517
-14.19999981,1652.952191,1652.951329,,1652.925345,0.858466487
-14.22000027,1652.951329,1652.951575,,1652.92633,0.929924147
-14.23999977,1652.952191,1652.951822,,1652.925468,0.918182496
-14.26000023,1652.952191,1652.951452,,1652.924359,0.941956897
-14.27999973,1652.951945,1652.951329,,1652.924975,1.011863217
-14.30000019,1652.951945,1652.951822,,1652.925221,0.936730836
-14.3199997,1652.953792,1652.952314,,1652.924852,0.991434071
-14.34000015,1652.952438,1652.952191,,1652.924975,0.955488556
-14.35999966,1652.952807,1652.951822,,1652.925221,1.695849052
-14.38000011,1652.953915,1652.951083,,1652.925468,1.683130438
-14.39999962,1652.952561,1652.953053,,1652.92596,1.853841842
-14.42000008,1652.954285,1652.951822,,1652.927069,1.991062073
-14.43999958,1652.952684,1652.951329,,1652.924359,1.946406214
-14.46000004,1652.951576,1652.951575,,1652.924482,1.68586259
-14.47999954,1652.952191,1652.951329,,1652.924975,1.789630253
-14.5,1652.952807,1652.951822,,1652.92596,1.872397217
-14.52000046,1652.952807,1652.952684,,1652.926207,1.950211239
-14.53999996,1652.952561,1652.951452,,1652.924236,1.773508174
-14.56000042,1652.953915,1652.95096,,1652.923251,1.429926992
-14.57999992,1652.952438,1652.951822,,1652.924852,1.407116806
-14.60000038,1652.952684,1652.952561,,1652.925837,1.437274628
-14.61999989,1652.952191,1652.952191,,1652.925221,1.410574148
-14.64000034,1652.952438,1652.952438,,1652.924606,1.55641657
-14.65999985,1652.951945,1652.952314,,1652.924852,1.593232193
-14.68000031,1652.951206,1652.952561,,1652.924975,1.90410524
-14.69999981,1652.951452,1652.951575,,1652.924482,2.012571247
-14.72000027,1652.951452,1652.95059,,1652.924975,1.742184395
-14.73999977,1652.9533,1652.951452,,1652.924729,2.921256574
-14.76000023,1652.951822,1652.951452,,1652.924606,3.011145798
-14.77999973,1652.952807,1652.951575,,1652.924606,3.127560158
-14.80000019,1652.950713,1652.951575,,1652.922882,2.651843377
-14.8199997,1652.951822,1652.950467,,1652.925221,2.864314568
-14.84000015,1652.950467,1652.952068,,1652.925591,2.618520934
-14.85999966,1652.950221,1652.952314,,1652.923374,3.417387166
-14.88000011,1652.951576,1652.950221,,1652.924852,2.656587301
-14.89999962,1652.951699,1652.951822,,1652.92362,3.00035405
-14.92000008,1652.952807,1652.951575,,1652.92362,3.59085682
-14.93999958,1652.954039,1652.95096,,1652.924236,3.615211674
-14.96000004,1652.951576,1652.951452,,1652.923374,3.545890439
-14.97999954,1652.951945,1652.95293,,1652.922512,4.110243056
-15,1652.951945,1652.95096,,1652.924729,3.540252955
-15.02000046,1652.951206,1652.951206,,1652.925714,6.470260642
-15.03999996,1652.950837,1652.952314,,1652.924113,6.499592011
-15.06000042,1652.951945,1652.951329,,1652.923867,5.635966389
-15.07999992,1652.951576,1652.952068,,1652.923497,5.229065976
-15.10000038,1652.952807,1652.95096,,1652.924113,5.176641559
-15.11999989,1652.951945,1652.950837,,1652.925591,4.832739634
-15.14000034,1652.952314,1652.951822,,1652.922882,6.108766533
-15.15999985,1652.951699,1652.951452,,1652.923867,7.414474048
-15.18000031,1652.952561,1652.951452,,1652.922882,7.332834676
-15.19999981,1652.951452,1652.950344,,1652.924113,8.101491373
-15.22000027,1652.95293,1652.950467,,1652.923497,8.234365513
-15.23999977,1652.951452,1652.951575,,1652.924113,7.880390295
-15.26000023,1652.95059,1652.95096,,1652.924975,8.629379055
-15.27999973,1652.952191,1652.95096,,1652.923374,5.880707475
-15.30000019,1652.951945,1652.951452,,1652.923867,6.215333696
-15.3199997,1652.952191,1652.952438,,1652.924113,6.234703378
-15.34000015,1652.950713,1652.949112,,1652.924359,7.622513039
-15.35999966,1652.951576,1652.951945,,1652.922882,8.308048714
-15.38000011,1652.951699,1652.951329,,1652.924606,8.252610006
-15.39999962,1652.952191,1652.950837,,1652.924359,8.88593341
-15.42000008,1652.952314,1652.951329,,1652.923867,10.37685866
-15.43999958,1652.951452,1652.95059,,1652.924852,11.07495613
-15.46000004,1652.951945,1652.951822,,1652.924113,11.64577413
-15.47999954,1652.950467,1652.952191,,1652.923251,12.45183381
-15.5,1652.951945,1652.951206,,1652.924236,20.60596608
-15.52000046,1652.950837,1652.950344,,1652.923374,18.46921961
-15.53999996,1652.950344,1652.951329,,1652.924359,20.89002331
-15.56000042,1652.952807,1652.950837,,1652.923744,17.41897638
-15.57999992,1652.950837,1652.95096,,1652.924359,21.33899391
-15.60000038,1652.952314,1652.952191,,1652.924852,21.17795208
-15.61999989,1652.952314,1652.949975,,1652.923251,21.88837417
-15.64000034,1652.950837,1652.95059,,1652.924113,20.11194948
-15.65999985,1652.950344,1652.951822,,1652.922758,25.34270348
-15.68000031,1652.951945,1652.950221,,1652.924852,31.30685669
-15.69999981,1652.949851,1652.949851,,1652.924729,33.5132657
-15.72000027,1652.953669,1652.950467,,1652.924852,38.66225573
-15.73999977,1652.951576,1652.950344,,1652.924236,42.97453325
-15.76000023,1652.950713,1652.949975,,1652.922266,47.2721713
-15.77999973,1652.951452,1652.950221,,1652.925221,47.57622118
-15.80000019,1652.950344,1652.950467,,1652.924482,56.81128511
-15.8199997,1652.951822,1652.950344,,1652.923128,58.68412092
-15.84000015,1652.951083,1652.95096,,1652.923744,61.91908143
-15.85999966,1652.95293,1652.950344,,1652.923497,68.79427401
-15.88000011,1652.950467,1652.950221,,1652.924852,70.68779904
-15.89999962,1652.951699,1652.950098,,1652.924113,89.44620586
-15.92000008,1652.951206,1652.951083,,1652.924113,98.58782195
-15.93999958,1652.951083,1652.951206,,1652.924729,101.6327388
-15.96000004,1652.950098,1652.951822,,1652.924852,114.0809349
-15.97999954,1652.950467,1652.951575,,1652.923867,118.0977137
-16,1652.950837,1652.951206,,1652.924852,119.0386343
-16.02000046,1652.949728,1652.950467,,1652.923867,121.1038152
-16.04000092,1652.951329,1652.950837,,1652.924236,130.7591827
-16.05999947,1652.951699,1652.949851,,1652.924359,140.5884227
-16.07999992,1652.951206,1652.950837,,1652.924236,154.3941792
-16.10000038,1652.952561,1652.950467,,1652.923497,171.1056314
-16.12000084,1652.950344,1652.949975,,1652.924852,181.3442839
-16.13999939,1652.950713,1652.950344,,1652.923744,190.5664093
-16.15999985,1652.950098,1652.951083,,1652.923374,185.5302171
-16.18000031,1652.950713,1652.950098,,1652.923128,197.2010744
-16.20000076,1652.95059,1652.951083,,1652.922758,197.5119822
-16.21999931,1652.949728,1652.951575,,1652.922758,207.5039343
-16.23999977,1652.950837,1652.950098,,1652.924852,211.3739413
-16.26000023,1652.950467,1652.951206,,1652.923497,202.819705
-16.28000069,1652.951452,1652.951452,,1652.922758,215.2163012
-16.29999924,1652.950837,1652.951206,,1652.923497,225.9325144
-16.3199997,1652.952191,1652.950467,,1652.925221,224.1268261
-16.34000015,1652.951822,1652.950837,,1652.923374,223.208773
-16.36000061,1652.951083,1652.951083,,1652.923128,239.4793632
-16.37999916,1652.949605,1652.95059,,1652.92362,231.7900562
-16.39999962,1652.951206,1652.95096,,1652.923497,231.0920106
-16.42000008,1652.949359,1652.95096,,1652.922882,234.3426651
-16.44000053,1652.951083,1652.952191,,1652.923251,237.6886069
-16.45999908,1652.952438,1652.950344,,1652.926207,242.5053919
-16.47999954,1652.951206,1652.950098,,1652.923867,199.5229001
-16.5,1652.950098,1652.950467,,1652.923128,179.7157932
-16.52000046,1652.949482,1652.95059,,1652.924606,170.1212157
-16.54000092,1652.949482,1652.949975,,1652.922512,156.4327751
-16.55999947,1652.951699,1652.949482,,1652.922512,153.1967447
-16.57999992,1652.952684,1652.95059,,1652.924975,150.8484264
-16.60000038,1652.950098,1652.951083,,1652.922389,147.9838013
-16.62000084,1652.951206,1652.951329,,1652.922389,145.4365955
-16.63999939,1652.950837,1652.949975,,1652.92362,140.0594007
-16.65999985,1652.951699,1652.950837,,1652.922758,143.1206965
-16.68000031,1652.95059,1652.950344,,1652.923251,141.1256034
-16.70000076,1652.950837,1652.950837,,1652.922882,143.5219195
-16.71999931,1652.95059,1652.950098,,1652.921034,136.3190861
-16.73999977,1652.95059,1652.950344,,1652.921157,134.9906352
-16.76000023,1652.950467,1652.95096,,1652.923251,131.9253063
-16.78000069,1652.950837,1652.949975,,1652.923497,135.1306107
-16.79999924,1652.952191,1652.953669,,1652.923867,136.9598514
-16.8199997,1652.95059,1652.949851,,1652.923497,137.3403852
-16.84000015,1652.950713,1652.950221,,1652.923744,136.612876
-16.86000061,1652.949359,1652.950221,,1652.923251,138.1795607
-16.87999916,1652.951206,1652.950098,,1652.922882,130.639527
-16.89999962,1652.951083,1652.952068,,1652.923374,133.0400609
-16.92000008,1652.949359,1652.951452,,1652.922635,133.2895476
-16.94000053,1652.951699,1652.951452,,1652.924852,131.1554335
-16.95999908,1652.951822,1652.951206,,1652.922882,131.3178223
-16.97999954,1652.950837,1652.95096,,1652.923744,135.6540448
-17,1652.951083,1652.950344,,1652.922512,136.4407584
-17.02000046,1652.950344,1652.95059,,1652.922512,129.3768691
-17.04000092,1652.95059,1652.951083,,1652.924113,132.5131633
-17.05999947,1652.951083,1652.951083,,1652.92362,133.6061357
-17.07999992,1652.95059,1652.950467,,1652.923497,135.5422091
-17.10000038,1652.951452,1652.951329,,1652.924236,139.2659754
-17.12000084,1652.950713,1652.950837,,1652.922143,134.3502702
-17.13999939,1652.951452,1652.95096,,1652.923867,132.7458246
-17.15999985,1652.950098,1652.950837,,1652.923867,132.0635423
-17.18000031,1652.951206,1652.949975,,1652.923128,135.9191254
-17.20000076,1652.951329,1652.949728,,1652.923128,136.7494957
-17.21999931,1652.951329,1652.950098,,1652.924852,127.1030719
-17.23999977,1652.95059,1652.950221,,1652.923251,126.072044
-17.26000023,1652.950467,1652.949728,,1652.922266,127.6856565
-17.28000069,1652.950221,1652.95059,,1652.922512,127.6237428
-17.29999924,1652.950713,1652.951329,,1652.922019,128.8683438
-17.3199997,1652.949359,1652.949975,,1652.923251,131.1423334
-17.34000015,1652.950713,1652.950344,,1652.924113,127.5284401
-17.36000061,1652.951699,1652.949851,,1652.923251,127.0203613
-17.37999916,1652.949728,1652.95059,,1652.924113,129.172209
-17.39999962,1652.951452,1652.949236,,1652.923497,128.4599781
-17.42000008,1652.951206,1652.949975,,1652.922882,129.9151889
-17.44000053,1652.948743,1652.950837,,1652.923128,125.9702065
-17.45999908,1652.949236,1652.951083,,1652.922635,128.8839531
-17.47999954,1652.950713,1652.949851,,1652.924482,127.9897295
-17.5,1652.95059,1652.951452,,1652.922512,127.7047602
-17.52000046,1652.951452,1652.949728,,1652.921773,129.2338764
-17.54000092,1652.948497,1652.95096,,1652.922882,124.7659603
-17.55999947,1652.949482,1652.948374,,1652.92362,131.2606037
-17.57999992,1652.951699,1652.950837,,1652.923744,129.1575849
-17.60000038,1652.949851,1652.948989,,1652.924606,131.6250202
-17.62000084,1652.949605,1652.948743,,1652.923128,131.329891
-17.63999939,1652.948743,1652.950467,,1652.922882,124.7787448
-17.65999985,1652.949728,1652.950837,,1652.923128,117.2309603
-17.68000031,1652.949728,1652.950221,,1652.92362,119.7618101
-17.70000076,1652.94862,1652.949975,,1652.923497,121.5144976
-17.71999931,1652.950221,1652.95059,,1652.922389,122.5761823
-17.73999977,1652.949605,1652.949975,,1652.921404,120.9419806
-17.76000023,1652.949851,1652.949112,,1652.922512,120.7728185
-17.78000069,1652.949113,1652.950837,,1652.922512,117.1210411
-17.79999924,1652.949359,1652.950344,,1652.923251,118.6809295
-17.8199997,1652.951083,1652.949728,,1652.922266,119.6592107
-17.84000015,1652.948497,1652.950098,,1652.922389,113.4555479
-17.86000061,1652.950713,1652.948989,,1652.923374,111.3420229
-17.87999916,1652.949236,1652.949728,,1652.92362,111.6450799
-17.89999962,1652.949482,1652.951452,,1652.923374,114.6724709
-17.92000008,1652.949359,1652.949975,,1652.922512,115.7321775
-17.94000053,1652.949236,1652.949728,,1652.923374,119.6904831
-17.95999908,1652.950344,1652.949728,,1652.920419,117.4792155
-17.97999954,1652.948743,1652.949482,,1652.920788,111.3667915
-18,1652.948374,1652.949975,,1652.923128,109.5289996
-18.02000046,1652.949605,1652.949728,,1652.922266,110.7809434
-18.04000092,1652.949113,1652.949482,,1652.922019,110.8986672
-18.05999947,1652.951452,1652.950837,,1652.921034,114.547058
-18.07999992,1652.948374,1652.949728,,1652.922512,114.3500024
-18.10000038,1652.95059,1652.950221,,1652.922882,109.2738787
-18.12000084,1652.95059,1652.950098,,1652.923497,116.3790849
-18.13999939,1652.951206,1652.950221,,1652.923128,110.7221854
-18.15999985,1652.950221,1652.949359,,1652.922512,107.1965291
-18.18000031,1652.949728,1652.949851,,1652.922143,111.4370486
-18.20000076,1652.951329,1652.949851,,1652.924113,111.9894307
-18.21999931,1652.949851,1652.950467,,1652.923251,108.6515936
-18.23999977,1652.949113,1652.949359,,1652.922019,114.5713185
-18.26000023,1652.949728,1652.949975,,1652.923744,109.7491765
-18.28000069,1652.950837,1652.948866,,1652.922143,109.5948695
-18.29999924,1652.949728,1652.949482,,1652.923251,106.38878
-18.3199997,1652.949851,1652.949728,,1652.922019,105.5440473
-18.34000015,1652.949113,1652.950837,,1652.922635,103.4154518
-18.36000061,1652.950467,1652.949851,,1652.921404,106.7533889
-18.37999916,1652.949113,1652.949112,,1652.922019,110.9215654
-18.39999962,1652.948374,1652.949975,,1652.922143,106.2766672
-18.42000008,1652.950221,1652.948743,,1652.922635,97.29031258
-18.44000053,1652.948374,1652.949359,,1652.922019,96.52498863
-18.45999908,1652.948497,1652.950098,,1652.922512,96.7510922
-18.47999954,1652.949605,1652.949359,,1652.922635,99.10722286
-18.5,1652.950467,1652.95059,,1652.920295,97.37374677
-18.52000046,1652.950344,1652.948497,,1652.921034,98.16941951
-18.54000092,1652.950221,1652.948866,,1652.921773,96.29673763
-18.55999947,1652.950467,1652.949728,,1652.922512,97.00635925
-18.57999992,1652.949605,1652.948374,,1652.92165,93.60006618
-18.60000038,1652.949113,1652.949728,,1652.922019,96.24452969
-18.62000084,1652.949359,1652.948374,,1652.922019,98.08465377
-18.63999939,1652.950221,1652.949975,,1652.920788,98.18145744
-18.65999985,1652.949359,1652.949112,,1652.92165,94.72213285
-18.68000031,1652.949113,1652.950098,,1652.921404,97.42316844
-18.70000076,1652.949359,1652.950098,,1652.922266,97.17840763
-18.71999931,1652.949482,1652.948866,,1652.922019,95.28953921
-18.73999977,1652.948866,1652.949851,,1652.921527,97.45371736
-18.76000023,1652.950221,1652.949359,,1652.921157,97.73856352
-18.78000069,1652.949482,1652.949112,,1652.921034,101.1000838
-18.79999924,1652.948497,1652.948989,,1652.91968,97.91896301
-18.8199997,1652.949359,1652.948497,,1652.921034,99.71959439
-18.84000015,1652.95059,1652.948497,,1652.920542,96.71863446
-18.86000061,1652.949236,1652.949482,,1652.920172,96.96762085
-18.87999916,1652.950467,1652.949728,,1652.920788,98.94926747
-18.89999962,1652.95059,1652.94825,,1652.921404,98.59524175
-18.92000008,1652.948497,1652.94825,,1652.91968,98.52575431
-18.94000053,1652.949359,1652.948743,,1652.91968,95.70849582
-18.95999908,1652.949851,1652.949482,,1652.921034,95.01262853
-18.97999954,1652.950098,1652.94825,,1652.922019,92.82858473
-19,1652.949605,1652.949728,,1652.921157,97.34071945
-19.02000046,1652.949851,1652.948127,,1652.920542,96.34068682
-19.04000092,1652.948866,1652.948127,,1652.920049,94.78918038
-19.05999947,1652.949482,1652.948497,,1652.920788,92.27437852
-19.07999992,1652.949113,1652.949112,,1652.920172,92.2371872
-19.10000038,1652.950221,1652.949482,,1652.920665,92.47495924
-19.12000084,1652.948374,1652.948374,,1652.91968,89.75003253
-19.13999939,1652.949482,1652.948497,,1652.920542,89.89584994
-19.15999985,1652.949236,1652.950098,,1652.920665,89.29122917
-19.18000031,1652.949113,1652.948374,,1652.91968,88.00295605
-19.20000076,1652.949113,1652.948127,,1652.921157,87.96838936
-19.21999931,1652.950344,1652.948866,,1652.920665,89.29810248
-19.23999977,1652.949113,1652.947758,,1652.920419,89.63013052
-19.26000023,1652.94862,1652.949975,,1652.920295,91.05358396
-19.28000069,1652.948374,1652.948866,,1652.91968,87.38626657
-19.29999924,1652.949113,1652.947881,,1652.919187,86.63238788
-19.3199997,1652.95059,1652.947388,,1652.919803,88.21894592
-19.34000015,1652.949113,1652.949482,,1652.91968,90.44494541
-19.36000061,1652.948497,1652.949975,,1652.920542,90.58231165
-19.37999916,1652.94862,1652.94825,,1652.919556,90.00046594
-19.39999962,1652.951576,1652.948989,,1652.922143,92.44456425
-19.42000008,1652.949113,1652.950344,,1652.921157,96.01496252
-19.44000053,1652.949728,1652.948743,,1652.920049,96.5475251
-19.45999908,1652.949359,1652.949112,,1652.920788,93.85372458
-19.47999954,1652.949359,1652.94825,,1652.919064,89.84179475
-19.5,1652.948127,1652.947635,,1652.920542,87.17774267
-19.52000046,1652.949482,1652.948989,,1652.920295,89.5860197
-19.54000092,1652.948743,1652.94825,,1652.922019,89.53475847
-19.55999947,1652.948743,1652.948374,,1652.920049,92.0575266
-19.57999992,1652.949359,1652.948374,,1652.921527,85.60466188
-19.60000038,1652.950467,1652.948989,,1652.921157,85.82799457
-19.62000084,1652.949851,1652.948374,,1652.920788,90.6460803
-19.63999939,1652.94825,1652.947881,,1652.921281,93.72895045
-19.65999985,1652.950098,1652.948866,,1652.920419,90.05450574
-19.68000031,1652.949605,1652.947881,,1652.921527,93.29516194
-19.70000076,1652.950098,1652.949359,,1652.920172,90.13495354
-19.71999931,1652.94862,1652.947881,,1652.921034,90.11882858
-19.73999977,1652.949728,1652.949482,,1652.921404,90.22923263
-19.76000023,1652.948004,1652.948497,,1652.921404,91.81081848
-19.78000069,1652.948866,1652.947758,,1652.920665,88.81401486
-19.79999924,1652.947388,1652.949236,,1652.919803,93.85638001
-19.8199997,1652.948127,1652.948989,,1652.921281,98.00830841
-19.84000015,1652.949482,1652.948989,,1652.920542,99.62623893
-19.86000061,1652.949236,1652.947758,,1652.921404,93.53292629
-19.87999916,1652.949113,1652.948866,,1652.922512,94.22513756
-19.89999962,1652.949113,1652.948374,,1652.920049,93.79886122
-19.92000008,1652.94862,1652.948127,,1652.921034,93.22605935
-19.94000053,1652.947019,1652.94825,,1652.921404,95.07677433
-19.95999908,1652.949359,1652.947758,,1652.920049,96.17946026
-19.97999954,1652.948127,1652.948497,,1652.920295,96.69198016
-20,1652.948497,1652.947388,,1652.921281,93.44279581
