Device,FF_Forward,FF_Reverse,Jsc_mAcm2_Forward,Jsc_mAcm2_Reverse,PCE_percent_Forward,PCE_percent_Reverse,Rs_ohm_cm2_Forward,Rs_ohm_cm2_Reverse,Rsh_ohm_cm2_Forward,Rsh_ohm_cm2_Reverse,Voc_V_Forward,Voc_V_Reverse,Delta_PCE,Delta_Voc,Delta_Jsc,Delta_FF,Hysteresis_Index,High_Hysteresis,Low_Rs,Unstable,Predicted_Instability_Prob,Predicted_Label
device001,0.6500509725364254,0.6401612832652267,20.17704698234268,20.178596289077195,14.491761983106963,14.377952200116573,8.245943870854289,8.30434426885373,5106.92862023312,4474.454511753776,1.1048827032373818,1.1130551394149402,-0.1138097829903905,0.0081724361775583,0.001549306734514,-0.0098896892711987,-0.0079155766694973,0,1,0,1.4510658479195484e-07,0
device002,0.7467038337228303,0.7587659522128775,20.051937478783174,20.1542077592868,17.1346834681668,17.77703057136814,6.118375868727226,7.594257753111045,3341.636254933958,7605.3966530848975,1.1443829090044504,1.1624804379369054,0.6423471032013417,0.0180975289324549,0.1022702805036246,0.0120621184900471,0.0361335432609263,0,1,0,1.4329615908594127e-07,0
device003,0.7711152529773916,0.767191963107263,20.756445842,20.797108968,18.363962448528312,18.38734049473692,4.786209399784143,5.584745057738499,4110.186342640512,8414.256138810866,1.1473452226738945,1.1524229709770295,0.0233780462086095,0.005077748303135,0.0406631259999983,-0.0039232898701285,0.0012714207481664,0,1,0,1.4510658479195484e-07,0
device004,0.7481843262117662,0.7594758864891623,20.071712157748863,20.171703604437727,17.191299394629418,17.810883443410198,6.110401227357944,7.581880944302407,3240.772842783027,7279.252937442221,1.144763246670514,1.1625961861214822,0.61958404878078,0.0178329394509682,0.0999914466888647,0.011291560277396,0.0347868229416782,0,1,0,1.4510658479195484e-07,0
device005,0.748387886948142,0.7557075055016798,20.152430191270657,20.25953589118731,17.333143098993894,17.91177460049299,6.452673096910172,8.205573160392897,3485.0208035782,8596.770368299742,1.149272850675365,1.1699179050646935,0.5786315014990961,0.0206450543893284,0.1071056999166515,0.0073196185535377,0.0323045323204977,0,1,0,1.4510658479195484e-07,0
device006,0.7426070085540771,0.7560054535735394,20.177981080469213,20.28441683443012,17.41398488768354,18.007849719790457,7.284038146089448,5.45952073019795,2943.6560330839616,5343.602269890333,1.162147919489147,1.1742874050680283,0.5938648321069167,0.0121394855788812,0.1064357539609091,0.0133984450194623,0.0329781090661959,0,1,0,1.4510658479195484e-07,0
device007,0.5771134731695468,0.5757160704966847,20.61088108254032,20.64609588954949,13.36826883843242,13.46281114630512,9.684321702762109,10.501844974820678,2185.4671185019056,3633.6862841912016,1.1238734190834652,1.1326336524037308,0.0945423078726985,0.0087602333202656,0.0352148070091722,-0.001397402672862,0.0070224789492531,0,0,0,1.4510658479195484e-07,0
device008,11.08417822864987,-0.6064971472391957,-5.066524233426351e-06,-1.9458410623595675e-05,9.535672028685e-06,1.439543369717e-05,275020293.0827634,202671686.05089903,900039.6888778186,2381028.8971460448,-0.169799998,1.219799995,4.859761668484999e-06,1.389599993,-1.4391886390169324e-05,-11.690675375889066,0.3375905006210671,1,0,1,0.9999998445577067,1
device009,0.7711152529773916,0.767191963107263,20.756445842,20.797108968,18.363962448528312,18.38734049473692,4.786209399784143,5.584745057738499,4110.186342640512,8414.256138810866,1.1473452226738945,1.1524229709770295,0.0233780462086095,0.005077748303135,0.0406631259999983,-0.0039232898701285,0.0012714207481664,0,1,0,1.4510658479195484e-07,0
device010,0.5079565451532027,0.5417201433492318,0.0081121379928285,0.0089176358701841,0.0028060028888709,0.0033046445170787,26103.74953696352,15719.276196803752,309545.5642276894,347443.6864148205,0.6809672463840309,0.6840691879356173,0.0004986416282077,0.0031019415515863,0.0008054978773556,0.0337635981960291,0.1508911550488335,1,0,1,0.9999998445577067,1
device011,0.7637949935573997,0.7352507736454956,21.10609910227793,21.11473406803446,17.73864764499336,17.07704847079906,6.5795984114894575,6.885308923387663,8792.64396139072,6698.655564995142,1.1003623615889493,1.0999975172393923,-0.6615991741943006,-0.0003648443495569,0.0086349657565278,-0.028544219911904,-0.0387420095062448,0,1,0,1.4510658479195484e-07,0
device012,0.447154459254285,0.4674940931263858,0.0075153495157373,0.0082092561415579,0.0022938277511883,0.0026979954706526,26725.49414872544,27673.39819017305,292597.05865885445,315932.9273566646,0.6825807769945231,0.7030096425020204,0.0004041677194643,0.0204288655074972,0.0006939066258206,0.0203396338721008,0.1498029644084386,1,0,1,0.9999998427591571,1
device013,0.7455282025471321,0.7548546294683625,20.122873378097744,20.227763617939,17.231130171461356,17.87662578422043,6.446412204222778,8.303981877390381,3236.815374806377,7433.079282841333,1.1485758799103356,1.1707774697267277,0.6454956127590741,0.022201589816392,0.1048902398412572,0.0093264269212303,0.036108358509627,0,1,0,1.4510658479195484e-07,0
device014,0.7465796507383542,0.7594149820787973,20.05354076785978,20.14370030982596,17.122782467112764,17.758666904726258,6.063899845348869,7.21532608298211,3221.211753298164,5911.703672569327,1.1436868449034092,1.160892349063052,0.6358844376134947,0.0172055041596428,0.0901595419661802,0.0128353313404431,0.0358069916522991,0,1,0,1.4510658479195484e-07,0
device015,0.7461457098223897,0.7529248289996232,20.14817315727934,20.26329902812613,17.282910669511377,17.874309164022762,6.524716003302891,8.432752817978942,3077.2515660196027,6642.389455027491,1.1496286129708873,1.171567978764251,0.5913984945113846,0.0219393657933637,0.1151258708467892,0.0067791191772335,0.0330865091950935,0,1,0,1.4329615908594127e-07,0
device016,0.7469366603920977,0.7608299404767158,20.037658902204,20.13643189151162,17.107264030372477,17.736326494268962,6.012889715226606,7.084655102032218,3581.1640582424816,6795.352768451207,1.1430094033517653,1.157693413558882,0.629062463896485,0.0146840102071166,0.0987729893076228,0.013893280084618,0.0354674607563043,0,1,0,1.4510658479195484e-07,0
device017,0.7458832428366079,0.7553598908299961,20.09723301689631,20.2076585207307,17.2034062359594,17.854386467297815,6.372909694930451,8.16860598091648,3101.2420438266017,7030.632538457586,1.1476443593779504,1.1697014180218903,0.6509802313384156,0.0220570586439399,0.1104255038343886,0.0094766479933882,0.0364605209218896,0,1,0,1.4510658479195484e-07,0
device018,0.7467038337228303,0.7587659522128775,20.051937478783174,20.1542077592868,17.1346834681668,17.77703057136814,6.118375868727226,7.594257753111045,3341.636254933958,7605.3966530848975,1.1443829090044504,1.1624804379369054,0.6423471032013417,0.0180975289324549,0.1022702805036246,0.0120621184900471,0.0361335432609263,0,1,0,1.4329615908594127e-07,0
device019,0.6325283012269776,0.6509301644656779,19.54536352134754,19.53879465014191,13.387822105247976,13.687943506619671,8.350878271105222,7.730014199514711,1663.7374681421622,1354.1205423812455,1.0828946765513612,1.0762323398957252,0.3001214013716957,-0.0066623366556359,-0.0065688712056299,0.0184018632387003,0.0219259672737948,0,1,0,1.4510658479195484e-07,0
device020,0.6226567182402849,0.6586102950722171,19.43387563223236,19.428981060524045,13.133671188772162,13.823508411908117,8.767238552619201,7.756428392205706,2861.628197437099,2430.67086445241,1.085370570763185,1.0802884706255698,0.6898372231359549,-0.0050821001376153,-0.0048945717083164,0.0359535768319322,0.0499031940792759,0,1,0,1.4329615908594127e-07,0
device021,0.6725204345424404,0.6757560015534749,19.440362448528376,19.412144944922044,14.22828309098844,14.135048601410691,8.075593419944372,7.262967488381578,4217.9221980945695,2607.9107836734743,1.0882850290361663,1.0775411621224336,-0.0932344895777479,-0.0107438669137327,-0.0282175036063314,0.0032355670110345,-0.006595979413077,0,1,0,1.4329615908594127e-07,0
device022,0.3828536868630525,0.4248881068019853,17.438553208504278,17.895527840612196,4.9123642592706735,5.940883931647063,17.758579911886677,15.118220437964114,88.27010776462538,109.183855524094,0.7357788137065565,0.7813254667591119,1.0285196723763894,0.0455466530525553,0.4569746321079186,0.0420344199389328,0.1731256971538308,1,0,1,0.9999998445577067,1
device023,0.3658057482548649,0.3819979964741476,16.024748547674985,16.51732089395636,3.248502161742925,3.667791910770193,16.327123981107402,15.64707187489496,67.80000549624206,76.22869144390565,0.5541679575627528,0.581304917731915,0.4192897490272678,0.0271369601691621,0.4925723462813742,0.0161922482192827,0.1143166676920943,1,0,1,0.9999998445577067,1
device024,0.3910671502135701,0.4310014627357839,17.46852413063638,17.89539818749865,5.080627058728067,6.159441588276984,18.30577715059056,15.80236977730164,91.8679693203254,110.523446844863,0.7437205232103896,0.798585151212195,1.078814529548917,0.0548646280018053,0.4268740568622711,0.0399343125222138,0.1751481062182944,1,0,1,0.9999998427591571,1
device025,1.2191694655642369,0.3308042168834214,-3.343879137143595e-06,6.133083873828318e-06,3.177352e-07,9.675468104939998e-07,64738262.1297083,73678655.43418492,14384835.58260787,28802755.95980316,-0.0779382556613511,0.4768942044492754,6.498116104939999e-07,0.5548324601106265,9.476963010971912e-06,-0.8883652486808156,0.6716074131464771,1,0,1,0.9999998445577067,1
device026,0.3073204942142368,0.4362190208501967,17.456758834696817,17.882366542060762,5.19045351636026,6.3205243811651375,63004320.78433823,14.618281848760423,96.78904618169108,120.2946637379934,0.9674982116561086,0.8102583584362004,1.1300708648048774,-0.1572398532199082,0.4256077073639446,0.1288985266359599,0.1787938463100364,1,0,1,0.9999998445577067,1
device027,0.7700783155917209,0.7639764788597738,20.753565012,20.798533964,18.318092037691727,18.291454978754413,4.739131691883291,5.5048706937415774,1388.160116759908,9156.2971921348,1.1461794892688566,1.1511596034347689,-0.0266370589373146,0.0049801141659122,0.0449689520000013,-0.006101836731947,-0.0014562569772745,0,1,0,1.4510658479195484e-07,0
device028,0.7687975723767951,0.7613152137782551,20.75196398,20.792203077,18.23138529078844,18.19657646750388,4.552524023723928,5.354425425911984,4913.054327239646,8397.163005308483,1.1427427142696407,1.1495415408579006,-0.0348088232845604,0.0067988265882599,0.0402390970000006,-0.00748235859854,-0.0019129325423781,0,1,0,1.4510658479195484e-07,0
device029,0.5036271513479226,0.4745468669578538,18.17598507246805,18.30542539386907,10.073814896948052,9.643858750139136,16.48180753937759,16.67960605786957,517.3983724077513,649.7452211722789,1.1004919590365465,1.1101761793390692,-0.4299561468089159,0.0096842203025226,0.1294403214010167,-0.0290802843900687,-0.0445834139578944,0,0,0,1.4510658479195484e-07,0
device030,0.7584703375907579,0.7501216021902865,20.740386695,20.758509451,17.747485450579394,17.638392035311504,5.11443899583944,5.8020828511654585,2975.951176046202,4218.5516813127015,1.1281877465936314,1.1327423880627143,-0.109093415267889,0.0045546414690829,0.0181227559999967,-0.0083487354004714,-0.0061849977622386,0,1,0,1.4510658479195484e-07,0
device031,0.766588354222075,0.7610298450445457,20.74418497,20.771272733,17.973577599318347,17.963783215759186,5.191925520741302,4.584057654169086,5447.47858269759,7500.121806885841,1.1302537001539736,1.1364046668284584,-0.0097943835591607,0.0061509666744847,0.0270877630000008,-0.0055585091775293,-0.0005452294453524,0,1,0,1.4510658479195484e-07,0
device032,0.7674174222467551,0.7640316265729453,20.728011463,20.748977786,18.06278260263662,18.074251153544147,5.488964626369169,4.718392394606056,5015.301256625297,5739.362895432471,1.1355214965821547,1.140124480341323,0.0114685509075265,0.0046029837591683,0.0209663229999996,-0.0033857956738098,0.0006345242638325,0,1,0,1.4510658479195484e-07,0
device033,0.767664843544929,0.7603638130867661,20.748908399,20.784657925,18.12952327381667,18.05343159742845,4.365039803298275,5.029313615502787,5271.860766515422,8546.482539259505,1.1382023527272265,1.1423401561810556,-0.07609167638822,0.004137803453829,0.035749526,-0.0073010304581628,-0.0042148040375359,0,1,0,1.4329615908594127e-07,0
device034,0.7672701858993356,0.7600227247687116,20.758952754,20.799292077,18.19789468544105,18.1578844865062,4.546549774768704,5.308607389998143,5069.051409682436,8784.509397695654,1.1425293988960958,1.1486563490268784,-0.0400101989348478,0.0061269501307825,0.0403393230000013,-0.007247461130624,-0.0022034614750733,0,1,0,1.4510658479195484e-07,0
device035,0.8028140222349001,0.7630519996900292,20.745337558,20.783761039,18.22072133934171,18.213545427367777,3.367711792157281,5.257573167830355,4650.993995229461,8324.405146107865,1.0940322162531502,1.1484609106099486,-0.0071759119739347,0.0544286943567984,0.0384234810000023,-0.0397620225448708,-0.0003939876507048,0,1,0,1.4510658479195484e-07,0
device036,0.7694687555796502,0.7645076017248918,20.757457087,20.800772325,18.28364420484528,18.28856849593756,4.658746072091755,5.409734792379674,5426.203446987001,8176.098965472571,1.1447156564277092,1.15005456094055,0.0049242910922799,0.0053389045128406,0.0433152380000017,-0.0049611538547583,0.0002692551411759,0,1,0,1.4510658479195484e-07,0
device037,0.7693545345993666,0.7642855347204123,20.761769337,20.813691084,18.347798142641903,18.35791810338053,4.87866647473123,5.730587559216653,4001.474485335275,8581.61671718497,1.1486641685744656,1.154034211233133,0.0101199607386277,0.0053700426586673,0.0519217469999979,-0.0050689998789543,0.0005512586275654,0,1,0,1.4510658479195484e-07,0
device038,0.772241162584648,0.7690350866266474,20.740309599,20.785832358,18.36017918173107,18.404550842520443,4.7228491752186885,5.473310251588112,4649.3754250854845,7583.171176518776,1.1463275585455812,1.1513613543608636,0.0443716607893733,0.0050337958152824,0.0455227590000006,-0.0032060759580005,0.0024109070180001,0,1,0,1.4510658479195484e-07,0
device039,0.7724283201585844,0.7703200773775819,20.72971272,20.774708656,18.33950505514332,18.40702779030626,6.123041196019646,5.3687359657016245,4813.985251010493,7596.261697924588,1.1453445113952865,1.150210979007214,0.0675227351629388,0.0048664676119274,0.0449959360000029,-0.0021082427810025,0.003668312773369,0,1,0,1.4510658479195484e-07,0
device040,0.7711152529773916,0.767191963107263,20.756445842,20.797108968,18.363962448528312,18.38734049473692,4.786209399784143,5.584745057738499,4110.186342640512,8414.256138810866,1.1473452226738945,1.1524229709770295,0.0233780462086095,0.005077748303135,0.0406631259999983,-0.0039232898701285,0.0012714207481664,0,1,0,1.4329615908594127e-07,0
device041,0.2488732472956848,0.2481628200776228,12.070822753500368,12.675115131049155,0.07312695768555,0.0793902886986,2.0183882904059183,1.9917417518853624,2.0103014820640235,1.9908003993054453,0.0243423452862395,0.0252393840867427,0.00626333101305,0.0008970388005032,0.6042923775487878,-0.0007104272180619,0.0788929114092068,1,1,1,0.9999998427591571,1
device042,0.4846394207370153,0.5580695948632068,18.92565315326238,19.062988631781582,9.061798583526633,11.486764292228909,10.471414171203628,10.454150146461746,280.5589422677611,338.2840451095454,0.9879723524297775,1.079737932553937,2.424965708702276,0.0917655801241593,0.1373354785192013,0.0734301741261915,0.2111095559210549,1,0,1,0.9999998445577067,1
device043,0.2336053840755229,0.264963480729333,17.991937474827882,18.478478003274592,1.0234533491069109,1.746519499908788,14.278452057525117,17.02346516807802,12.010007938544817,14.027065904995316,0.2435046563271906,0.3567148762426668,0.7230661508018772,0.1132102199154762,0.4865405284467101,0.0313580966538101,0.4140040525397164,1,0,1,0.9999998445577067,1
device044,-0.3723504897787028,-0.354158905563414,11.988566311173294,12.060800020552064,-0.03965593177475,-0.0382908331307,0.7400833550553552,0.7424772493880717,0.7400833550553552,0.7424772493880717,0.0088835996740891,0.0089643856642721,0.0013650986440499,8.078599018299971e-05,0.0722337093787697,0.0181915842152887,-0.0356507950451335,0,1,0,1.4510658479195484e-07,0
device045,0.4188455476677798,0.4689454263227451,19.1753279305731,19.241814411026667,8.052152453688581,9.316403136652657,15.531277028852491,12.31424400652148,130.33944763291714,157.8626459601937,1.0025713407239554,1.0324759564563286,1.2642506829640752,0.0299046157323732,0.066486480453566,0.0500998786549652,0.135701586161536,1,0,1,0.9999998445577067,1
device046,0.5069711868195693,0.5521770464302033,18.96934588129172,19.02803543431157,10.087109623773244,11.21279433834858,12.250713004374797,9.313728150010274,256.31438886208764,314.72115536988883,1.0488928087503575,1.0671895295691702,1.1256847145753357,0.0182967208188127,0.0586895530198496,0.0452058596106339,0.1003928798306244,1,1,1,0.9999998445577067,1
device047,0.0689651086068381,0.0772557282894838,0.0099992271075654,0.0220792949647344,8.5612108e-06,2.13459373e-05,61059143.450605206,537.0249061257268,1181.617167381921,537.0045735452362,0.012414788744061,0.0125140918152733,1.27847265e-05,9.930307121230018e-05,0.0120800678571689,0.0082906196826456,0.5989302001744379,1,0,1,0.9999998445577067,1
device048,1.1288186008333656,1.131770044755947,-2.8470115700327296e-06,4.252850982455266e-06,5.456963765460001e-07,5.871201529104e-06,72791309.43325932,1458818630.6078396,11926534.105886385,73000513.80284885,-0.169799998,1.219799995,5.325505152558e-06,1.389599993,7.099862552487995e-06,0.0029514439225812,0.9070554172189558,1,0,1,0.9999998427591571,1
device049,0.249616735982234,0.2739317202532332,0.0091177433264595,0.0099131730738122,0.0007433916970422,0.0009682066924755,32217.557836921274,30311.13700526791,31654.23918940664,36017.45075847351,0.3266304309677156,0.356543946161512,0.0002248149954332,0.0299135151937964,0.0007954297473527,0.0243149842709992,0.2321973161107733,1,0,1,0.9999998445577067,1
device050,8.310915849560518,0.8850785895969462,-5.847758285703368e-06,7.491678802096729e-06,8.252318450974e-06,8.08815772155e-06,90899672.86680952,540345431.2095546,13845450.23205932,25227113.65394985,-0.169799998,1.219799995,-1.641607294239995e-07,1.389599993,1.3339437087800096e-05,-7.425837259963571,-0.0202964302966807,0,0,1,0.9999998445577067,1
device051,0.7652447368343421,0.7578190769121177,21.27743618529485,21.299905157155365,17.980799586644785,17.8127536502103,6.548552272323412,6.618390449004331,8622.254998558978,11259.591175453716,1.104305798211996,1.1035394374518674,-0.1680459364344848,-0.0007663607601284,0.0224689718605155,-0.0074256599222244,-0.0094340234943125,0,1,0,1.4510658479195484e-07,0
device052,0.4459325195911924,0.3768492490073778,0.0074877003999308,0.0081790950885536,0.0023016358187379,0.001804381988385,28820.798895492608,20439786.29618627,289252.942121867,319832.4642146441,0.6893170237525931,0.5854038467116336,-0.0004972538303529,-0.1039131770409594,0.0006913946886227,-0.0690832705838145,-0.2755812425272344,1,0,1,0.9999998427591571,1
device053,0.6725204345424404,0.6757560015534749,19.440362448528376,19.412144944922044,14.22828309098844,14.135048601410691,8.075593419944372,7.262967488381578,4217.9221980945695,2607.9107836734743,1.0882850290361663,1.0775411621224336,-0.0932344895777479,-0.0107438669137327,-0.0282175036063314,0.0032355670110345,-0.006595979413077,0,1,0,1.4510658479195484e-07,0
device054,0.6602450229004689,0.6548825628379419,19.02854839608708,18.98159107725043,13.731510279328466,13.475257823084531,8.98341513961287,8.532011905434993,3501.360870587782,2071.0560271658887,1.0929681618480114,1.0840293562174634,-0.256252456243935,-0.0089388056305479,-0.0469573188366467,-0.005362460062527,-0.019016516018339,0,1,0,1.4510658479195484e-07,0
device055,0.6490125831838701,0.6498537277274496,18.788799477380355,18.721813271569417,13.313723543981466,13.124847620608575,9.438705408019706,8.527440048474723,2987.5701678430187,1601.195414811771,1.0918108005403604,1.0787746838755703,-0.1888759233728905,-0.01303611666479,-0.066986205810938,0.0008411445435795,-0.0143907136168437,0,1,0,1.4329615908594127e-07,0
device056,0.5531924735092881,0.552655859922176,19.54984882508061,19.560435165020067,5.658800354043456,6.542715467124983,7.915736167703269,8.178893907076574,195.6523240497781,212.884451325194,0.5232445408612304,0.60523598584344,0.8839151130815273,0.0819914449822095,0.0105863399394579,-0.0005366135871121,0.1350991216908198,1,1,1,0.9999998445577067,1
device057,0.6752312418101358,0.6780189079337987,18.61313108627188,18.516828974495134,13.681689009067046,13.41605099134277,8.618246109041253,8.93554324679687,2424.5658707527227,1142.8719502439274,1.0885985471876531,1.0686027308131651,-0.2656380177242763,-0.0199958163744879,-0.0963021117767475,0.0027876661236628,-0.0198000155109495,0,1,0,1.4510658479195484e-07,0
device058,0.6649000781201155,0.6654614168178818,18.86131190140936,18.73002664677004,13.60953753810734,13.285173590890084,8.611493608620796,8.960036530924368,2355.7358721848605,1105.0801232568988,1.0852132482281325,1.065874219412568,-0.3243639472172557,-0.0193390288155643,-0.1312852546393195,0.0005613386977663,-0.024415484298954,0,1,0,1.4329615908594127e-07,0
device059,0.2150831746650214,0.215841694139017,2.201484492055457,2.280004860332524,0.0265429499562,0.027698950277,25.440461768654377,24.62194666294125,24.61678249850725,24.128726232635533,0.0560566473281798,0.05628493861255,0.0011560003207999,0.0002282912843702,0.0785203682770667,0.0007585194739956,0.0417344451410453,0,0,0,0.5590904444754665,1
device060,0.7281449728975742,0.7441876742672596,24.13800750594596,24.210273579857027,17.986585405458264,18.537199907525032,6.550130826931463,5.548886881550715,2526.847267865772,3955.865843607495,1.0233623869282296,1.0288734577710894,0.5506145020667681,0.0055110708428598,0.0722660739110701,0.0160427013696854,0.0297032186529558,0,1,0,1.4510658479195484e-07,0
device061,0.7286302782886184,0.7450147644591555,24.12062555473684,24.20892931936009,17.98783860416151,18.5404975799002,6.538469936891564,5.571393295716843,2385.421535414097,4896.929292442807,1.0234890508290708,1.027971142815484,0.5526589757386908,0.0044820919864132,0.0883037646232516,0.0163844861705371,0.029808206244574,0,1,0,1.4510658479195484e-07,0
device062,0.7292200650088078,0.7463169919352578,24.10099317010345,24.181135098911664,17.986355651604104,18.54714272609476,6.511652665474039,5.560778529707505,2307.7168410705995,4538.857018978555,1.0234099308890148,1.0277251889009689,0.5607870744906549,0.004315258011954,0.0801419288082136,0.01709692692645,0.0302357663804279,0,1,0,1.4510658479195484e-07,0
device063,0.7301653236164047,0.7466956413682544,24.07761940951653,24.16958885933097,17.99215378721869,18.54409189137448,6.457297026472716,5.5324204549040354,2010.3684808323617,4934.078453883522,1.023407051982422,1.027525696517149,0.5519381041557914,0.0041186445347269,0.0919694498144387,0.0165303177518496,0.029763555281589,0,1,0,1.4510658479195484e-07,0
device064,0.7303410227274084,0.7477608314211271,24.060729227240152,24.15603297746504,17.983043028159717,18.558653183046683,6.397916507304445,5.490292955912919,2160.9897097796543,5030.262199009612,1.0233606236227963,1.0274439271172682,0.5756101548869665,0.0040833034944718,0.0953037502248861,0.0174198086937187,0.0310157288467886,0,1,0,1.4329615908594127e-07,0
device065,0.7309151776270993,0.7485203175140187,24.04685178370353,24.144791518073056,17.98601728834435,18.565675082205203,6.337541569845712,5.437445536635858,2174.303764713549,4897.1679212463805,1.0233160829402106,1.0272678412573666,0.5796577938608536,0.0039517583171559,0.0979397343695254,0.0176051398869193,0.0312220154287006,0,1,0,1.4510658479195484e-07,0
device066,0.7316269352381334,0.7491242620419902,24.03748591883385,24.12942512519604,17.988080889807645,18.5653676171814,6.277197941931417,5.390228954389241,2232.296483375049,4474.982883082137,1.0228362307501586,1.027076317281371,0.5772867273737567,0.0042400865312124,0.0919392063621877,0.0174973268038568,0.0310948180115487,0,1,0,1.4510658479195484e-07,0
device067,0.7323805588325196,0.7499228265697,24.02601603398794,24.12015557826932,17.986652242765786,18.574626216920823,6.217451240848638,5.3387462113023725,2044.638421880999,4393.108174519924,1.0221903297672612,1.0268887718401138,0.5879739741550374,0.0046984420728526,0.0941395442813792,0.0175422677371803,0.0316546867370829,0,1,0,1.4510658479195484e-07,0
device068,0.2545518561522812,0.2655921942325137,12.656961255758189,12.990650720019628,1.296737847679256,1.840034994136256,37.22917084877411,44.63158890349221,47.63836190758679,68.29952725008131,0.4024820050344812,0.53331017493668,0.5432971464569998,0.1308281699021987,0.3336894642614396,0.0110403380802324,0.295264572787124,1,0,1,0.9999998445577067,1
device069,0.3238170152860197,0.3442032613006586,13.413738462776625,13.48414671371406,2.040306408725618,2.632103559233616,24.710795868146267,26.86297304867528,69.19063447887508,86.199420735168,0.4697273998535653,0.5671063658506555,0.5917971505079982,0.0973789659970902,0.0704082509374348,0.0203862460146388,0.2248380951547022,1,0,1,0.9999998445577067,1
device070,0.3719348672579819,0.4341783431802546,13.288295199689289,13.314118624139972,3.4936701856178782,4.470136475179276,23.367182739870525,21.611896434287367,600.3493532068431,999.8180726165992,0.7068800791622672,0.7732860995326016,0.9764662895613974,0.0664060203703343,0.0258234244506834,0.0622434759222726,0.2184421650173971,1,0,1,0.9999998445577067,1
device071,0.282661579529329,0.318800437874366,13.049226537166854,13.386098226389436,1.4191736952673448,2.132077281042482,27.93216379454937,33.98365111729515,47.98004470349323,69.37628585733256,0.3847547593490612,0.4996087382974597,0.7129035857751371,0.1148539789483985,0.3368716892225816,0.0361388583450369,0.3343704246154539,1,0,1,0.9999998445577067,1
device072,0.2497902645228631,0.2760465020837173,12.51936382791347,12.971019598995577,1.2912820364688464,1.7949364271225894,38.51247422384649,42.16797146008599,46.58818130395903,65.63944410233727,0.4129175489895995,0.5012942319171737,0.503654390653743,0.0883766829275742,0.4516557710821072,0.0262562375608541,0.2805973420803191,1,0,1,0.9999998445577067,1
device073,0.3663692826023736,0.4241025244715689,13.026744976465286,13.054768479845922,3.4937708625087804,4.432250442531173,30.424005648990214,27.50864322362746,939.4931467648688,1607.3369552863944,0.7320478229063455,0.8005422550157236,0.9384795800223928,0.0684944321093781,0.0280235033806359,0.0577332418691952,0.2117388428724359,1,0,1,0.9999998445577067,1
device074,0.3485980814603262,0.2359151493126801,12.534347193489868,12.589403758834736,2.679400594055714,3.334677915265368,25.375697370898635,132.81302975308404,213.54365790105024,280.0745222871677,0.6132124115825873,1.122775432125818,0.6552773212096539,0.5095630205432308,0.0550565653448682,-0.1126829321476461,0.1965039316720661,1,0,1,0.9999998445577067,1
device075,7.812611954581584e-07,-8.842282431681202,2.379649710052732,2.447194894272652,2.86063634313e-07,-0.0523220057905,84725419.65583825,0.988006096913674,0.9875728222797574,0.988006096913674,0.1538697915441696,0.0024179729832223,-0.0523222918541343,-0.1514518185609473,0.0675451842199201,-8.842283212942398,1.000005467367506,1,1,1,0.9999998445577067,1
device076,0.2622358993647661,0.2814076590243456,12.97922390899468,13.421433877791294,1.406298749262321,1.9186646287116385,34.27700506116633,35.595215328250305,49.72099329028578,70.1086151976087,0.4131775543953494,0.5080006169766531,0.5123658794493176,0.0948230625813036,0.4422099687966145,0.0191717596595795,0.2670429588277579,1,0,1,0.9999998445577067,1
device077,0.3878076090234001,0.2650228743097541,13.139442663741056,13.167536875489182,3.289931362782806,4.08364511507361,24.103012172495195,30.473598762736337,481.7697222592272,713.0712527657181,0.6456446658707236,1.17019999,0.7937137522908038,0.5245553241292764,0.0280942117481259,-0.122784734713646,0.1943640375019455,1,0,1,0.9999998445577067,1
device078,0.3540817513589058,0.4112143347487265,13.212340175486409,13.251316577746694,3.4393956960901355,4.376443684687335,32.1011540887958,24.73516553153052,536.5660595435938,898.4373410283351,0.7351887485561747,0.8031452021975197,0.9370479885971998,0.067956453641345,0.0389764022602854,0.0571325833898206,0.2141117437146103,1,0,1,0.9999998445577067,1
device079,3.211781567983115,1.0104688652509812,-4.18540280487929e-07,6.067543638977974e-06,2.2879305162900005e-07,7.174570956291e-06,99259190.81700854,564429458.2428402,11364729.285554258,25251203.68573692,-0.170200005,1.17019999,6.945777904662e-06,1.3403999949999998,6.486083919465903e-06,-2.201312702732133,0.9681105597780194,1,0,1,0.9999998445577067,1
device080,0.8099023778602783,0.7518035299659914,-3.92516442339478e-06,3.850459745183213e-06,5.41065815895e-07,3.3874823261500004e-06,619772148.5498623,199216972.0268399,104229020.31465806,18886937.571993724,-0.170200005,1.17019999,2.8464165102550005e-06,1.3403999949999998,7.775624168577994e-06,-0.0580988478942868,0.8402749405603714,1,0,1,0.9999998445577067,1
device081,7.344093489953169,0.8429038079690705,-3.4618959666743617e-06,4.729429533034548e-06,4.3272479220460005e-06,4.66494862158e-06,223419577.68620145,589263020.3622711,16064956.086832516,23062971.718591925,-0.170200005,1.17019999,3.377006995339995e-07,1.3403999949999998,8.191325499708909e-06,-6.501189681984098,0.0723910865752732,1,0,1,0.9999998445577067,1
device082,0.8029786930237878,0.6457776192965149,-4.70996308228064e-06,3.2009127676816366e-06,6.436964189099999e-07,2.4188944521210004e-06,361615138.4174158,804140650.1792504,42844307.78850597,38131670.01495893,-0.170200005,1.17019999,1.7751980332110005e-06,1.3403999949999998,7.910875849962276e-06,-0.1572010737272728,0.7338881742667289,1,0,1,0.9999998427591571,1
device083,0.2582818420340855,0.2628717866674086,12.213149546479883,12.747543522730858,0.4465434446230546,0.6170190763731291,52136265.823802575,13.775383320117886,12.309892625313186,14.822724616371865,0.1415605261570616,0.1841315084313867,0.1704756317500745,0.0425709822743251,0.5343939762509748,0.0045899446333231,0.2762890780494816,1,0,1,0.9999998445577067,1
device084,0.2935207998164547,0.3469856835359627,14.335682626726657,14.406844493818843,3.0800853652344258,4.109361001989827,48.77556651605615,35.452538277257695,318.31283955979285,619.2320505542172,0.7319905820376332,0.8220417408704352,1.029275636755401,0.090051158832802,0.0711618670921865,0.053464883719508,0.2504709701233372,1,0,1,0.9999998445577067,1
device085,0.8821284142548385,0.7464610805783277,-3.247020125269132e-06,4.454043628994752e-06,4.87501953471e-07,3.89064607848e-06,330904353.3401653,81258314.97882465,57480235.4146589,39571400.62355297,-0.170200005,1.17019999,3.403144125009e-06,1.3403999949999998,7.701063754263883e-06,-0.1356673336765107,0.8746989719348984,1,0,1,0.9999998445577067,1
device086,0.2498276365703392,0.2601377613742952,12.871243915512974,13.082982938472952,0.5303964941731114,0.6778319577778609,11.937819627192148,14.007995100963834,13.664652112617144,15.84225448650028,0.1649451859628589,0.199164470989283,0.1474354636047494,0.0342192850264241,0.2117390229599784,0.0103101248039559,0.2175103459094606,1,0,1,0.9999998445577067,1
device087,-0.2970095291167761,1.19063087741489e-06,4.199118924813147,4.260528166116579,-0.0085519586385,4.727264525363001e-06,1.6318623267402144,89141037.38148409,1.6318623267402144,2.071750047585667,0.0068570455415175,0.9319000241995552,0.0085566859030253,0.9250429786580378,0.0614092413034317,0.2970107197476535,1810.071312302606,1,0,1,0.9999998445577067,1
device088,0.3298842068285588,0.3691051315088652,14.474141549159748,14.493581238339887,3.975731011138808,5.071251469162091,57.375404385702346,58.79502627640774,1025.9271648124914,1826.450341042094,0.8326503206554826,0.9479585638751477,1.095520458023283,0.115308243219665,0.0194396891801389,0.0392209246803064,0.2160256624395502,1,0,1,0.9999998427591571,1
device089,0.1736810936370629,0.0016614993936776,6.384943119504497,6.426511779151481,0.0121406278345,0.012494980569,57334370.938401535,6.725252670075576,1.712308641653694,1.7150836450006133,0.0109479188197278,1.17019999,0.0003543527344999,1.159252071180272,0.0415686596469839,-0.1720195942433853,0.0283596066871162,0,1,0,1.4510658479195484e-07,0
device090,0.2623802579793377,0.2657974032542686,12.974083305961482,13.107388856686756,0.6743462884493158,0.8352793562223108,13.346914495567772,16.871553772454266,16.60327126696957,19.26419629568835,0.1980957392492684,0.2397534307805486,0.160933067772995,0.0416576915312801,0.1333055507252734,0.0034171452749308,0.192669753626908,1,0,1,0.9999998427591571,1
device091,0.894628704525703,0.7396604594204906,-2.4471275113801177e-06,6.076771816636639e-06,3.7261385265299993e-07,3.38551198596e-06,359167795.0248471,138278717.49869096,49748151.95089895,22457835.543602005,-0.170200005,0.7532151104421217,3.012898133307e-06,0.9234151154421216,8.523899328016757e-06,-0.1549682451052123,0.8899386993168948,1,0,1,0.9999998427591571,1
device092,0.252946580267947,0.3033037242193133,14.05395402980504,14.239530935516012,2.4203647743144447,3.330786484931511,44095421.35653647,46.1775534162396,147.75876379513238,298.6718144005032,0.6808531995584767,0.7712112698598137,0.9104217106170664,0.090358070301337,0.1855769057109721,0.0503571439513663,0.2733353562997259,1,0,1,0.9999998445577067,1
device093,0.8395467700941993,0.6905484211436269,-3.861607376127764e-06,5.910053707317239e-06,5.5178841621e-07,4.775794754900001e-06,1226462877.7309425,94724077.32710804,8199247.982573508,20489961.99583039,-0.170200005,1.17019999,4.224006338690001e-06,1.3403999949999998,9.771661083445004e-06,-0.1489983489505724,0.8844614468316796,1,0,1,0.9999998445577067,1
device094,0.3167398751044157,0.3397195737946563,12.98262722874622,13.10077918139269,1.732319463538725,2.201906419162848,24.75314736036048,25.8554018709928,74.27517319649847,98.51809367914512,0.4212720600690099,0.4947447113995736,0.4695869556241232,0.0734726513305636,0.1181519526464711,0.0229796986902405,0.2132638115486567,1,0,1,0.9999998445577067,1
device095,0.8095118204186068,0.8144255071601865,-2.599097316345548e-06,5.269060404330886e-06,3.5810081052e-07,5.02162912323e-06,900943345.8959898,70113322.3318695,112200685.6953136,69457218.12074958,-0.170200005,1.17019999,4.6635283127100005e-06,1.3403999949999998,7.868157720676434e-06,0.0049136867415796,0.9286883197201026,1,0,1,0.9999998445577067,1
device096,0.247063832245636,0.2471474012374696,0.2780290239048263,0.2794861517461386,0.0013002042085,0.00131283537,67.45037871057772,67.2745365799735,67.29589710447958,67.09127343053136,0.0189283282552433,0.0190061401203395,1.2631161500000147e-05,7.781186509620008e-05,0.0014571278413123,8.356899183359356e-05,0.0096212836648361,0,0,1,0.5456332074934634,1
device097,0.992551389319206,1.0711317831821516,-2.877432877262848e-06,3.658486595989483e-06,4.8609121428e-07,4.5856875925e-06,501063852.5687011,81762190.80069354,28303390.28258607,27898005.434640605,-0.170200005,1.17019999,4.09959637822e-06,1.3403999949999998,6.535919473252331e-06,0.0785803938629456,0.8939981835930093,1,0,1,0.9999998445577067,1
device098,0.3323017588699478,0.4029702192134548,13.11335715357336,13.176664944138135,3.076825327229894,4.073645142363601,33.843376308648295,22.85599017637943,364.9663544833029,639.6389500584513,0.7060839051942049,0.7671931919011521,0.9968198151337068,0.0611092867069471,0.0633077905647745,0.0706684603435069,0.2446997174023199,1,0,1,0.9999998427591571,1
device099,1.172163523471349,0.9840182082112888,-2.2590704683916267e-06,5.2253791984691005e-06,4.5068961324e-07,6.0170142052760005e-06,227281666.1272672,319635955.95008993,3802662.123515236,56022071.27686934,-0.170200005,1.17019999,5.566324592036e-06,1.3403999949999998,7.484449666860727e-06,-0.1881453152600601,0.9250974656425416,1,0,1,0.9999998445577067,1
device100,0.8265332404327945,0.9113362945328156,-3.4144966372314302e-06,4.454362440247062e-06,4.80337598008e-07,4.7503357719750005e-06,37258922.20919764,6654186.659925156,50287623.963223,1044160.5846588836,-0.170200005,1.17019999,4.269998173967001e-06,1.3403999949999998,7.868859077478493e-06,0.084803054100021,0.8988834429680126,1,0,1,0.9999998427591571,1
device101,0.4667053324020789,0.4636324133476342,18.40878627156184,18.52696721367204,7.97681942775605,8.112757805063413,14.798977297406674,15.02830968287362,147.8337811982406,175.46936490388572,0.9284571016758488,0.9444748272665008,0.1359383773073634,0.0160177255906519,0.1181809421102002,-0.0030729190544446,0.016756124190287,0,0,0,1.4329615908594127e-07,0
device102,0.4554514935528867,0.4612712146244138,18.178478093756727,18.351961354289035,6.791651693970876,7.139478809627012,13.594968606868123,13.283674902094877,135.76877273109898,157.08541762279532,0.8203057456775683,0.8433884892243547,0.3478271156561359,0.0230827435467864,0.1734832605323077,0.005819721071527,0.0487188385778411,0,0,0,1.4510658479195484e-07,0
device103,0.6887164674579335,0.6603414313590409,19.13014835159183,19.19120269212037,14.709928461001224,14.27213477331436,7.59349277439294,8.752210857360367,2992.938351255514,2660.7346831113687,1.1164820763656915,1.1262069393553735,-0.4377936876868649,0.009724862989682,0.061054340528539,-0.0283750360988925,-0.0306747164765735,0,1,0,1.4510658479195484e-07,0
device104,0.6804666203034403,0.6657654210401042,18.36016213315575,18.42781107777466,13.924796967243813,13.736898498509714,7.773186406152716,8.590910490708916,2595.819206746536,4018.012413139244,1.11456533980547,1.1196794393125955,-0.1878984687340992,0.0051140995071254,0.0676489446189094,-0.0147011992633361,-0.0136783764366085,0,1,0,1.4510658479195484e-07,0
device105,0.2434881202169559,0.2439872215572051,9.733353966347384,9.790709163177423,0.034593316252,0.0350898862265,1.4997234060675946,1.5008491146259824,1.499061221816392,1.5000242743615118,0.014596606589486,0.0146892874255568,0.0004965699744999,9.268083607080065e-05,0.0573551968300396,0.0004991013402491,0.0141513703206306,0,1,0,1.4510658479195484e-07,0
device106,0.5673398467921762,0.5560370298970779,18.192962233746425,18.254312355546222,10.882209615094226,10.83086368604461,12.152187242909262,12.000838625882016,316.6436276340859,365.37545071040864,1.054314991973296,1.067072425896194,-0.0513459290496154,0.0127574339228981,0.0613501217997978,-0.0113028168950982,-0.0047407049463445,0,0,0,1.4510658479195484e-07,0
