voltage,current,HTL
1.5,-414.6309677,MeO2PACz
1.480000019,-385.6563679,MeO2PACz
1.460000038,-356.9032535,MeO2PACz
1.440000057,-328.7029291,MeO2PACz
1.419999957,-301.1206642,MeO2PACz
1.399999976,-274.3710787,MeO2PACz
1.379999995,-248.5026629,MeO2PACz
1.360000014,-223.5535009,MeO2PACz
1.340000033,-199.5954201,MeO2PACz
1.320000052,-176.744982,MeO2PACz
1.299999952,-154.6317511,MeO2PACz
1.279999971,-134.3902016,MeO2PACz
1.25999999,-115.4326765,MeO2PACz
1.24000001,-97.9093727,MeO2PACz
1.220000029,-81.94844338,MeO2PACz
1.200000048,-67.59257541,MeO2PACz
1.179999948,-54.94284036,MeO2PACz
1.159999967,-43.96051523,MeO2PACz
1.139999986,-34.61669053,MeO2PACz
1.120000005,-26.83426084,MeO2PACz
1.100000024,-20.49933927,MeO2PACz
1.080000043,-15.22049901,MeO2PACz
1.059999943,-11.35139249,MeO2PACz
1.039999962,-8.442671007,MeO2PACz
1.019999981,-6.241458833,MeO2PACz
1.0,-4.585986776,MeO2PACz
0.980000019,-3.342190565,MeO2PACz
0.959999979,-2.40110113,MeO2PACz
0.939999998,-1.691137359,MeO2PACz
0.920000017,-1.059209736,MeO2PACz
0.899999976,-0.731692486,MeO2PACz
0.879999995,-0.483381943,MeO2PACz
0.860000014,-0.311966484,MeO2PACz
0.839999974,-0.198958746,MeO2PACz
0.819999993,-0.115442899,MeO2PACz
0.800000012,-0.074565833,MeO2PACz
0.779999971,-0.047888804,MeO2PACz
0.75999999,-0.030407811,MeO2PACz
0.74000001,-0.018785354,MeO2PACz
0.720000029,-0.012798244,MeO2PACz
0.699999988,-0.005289909,MeO2PACz
0.680000007,-0.001331143,MeO2PACz
0.660000026,0.001430179,MeO2PACz
0.639999986,0.003445972,MeO2PACz
0.620000005,0.004951289,MeO2PACz
0.600000024,0.006061799,MeO2PACz
0.579999983,0.00686974,MeO2PACz
0.560000002,0.00755718,MeO2PACz
0.540000021,0.0080433,MeO2PACz
0.519999981,0.008421773,MeO2PACz
0.5,0.008725819,MeO2PACz
0.479999989,0.008934018,MeO2PACz
0.460000008,0.009107918,MeO2PACz
0.439999998,0.009223239,MeO2PACz
0.419999987,0.009304213,MeO2PACz
0.400000006,0.009333488,MeO2PACz
0.379999995,0.009329098,MeO2PACz
0.360000014,0.009261092,MeO2PACz
0.340000004,0.009157813,MeO2PACz
0.319999993,0.009040986,MeO2PACz
0.300000012,0.008859674,MeO2PACz
0.280000001,0.00861869,MeO2PACz
0.25999999,0.008335331,MeO2PACz
0.239999995,0.008043775,MeO2PACz
0.219999999,0.007722064,MeO2PACz
0.200000003,0.007392933,MeO2PACz
0.180000007,0.007057088,MeO2PACz
0.159999996,0.006717876,MeO2PACz
0.140000001,0.00641114,MeO2PACz
0.119999997,0.006108554,MeO2PACz
0.100000001,0.005820996,MeO2PACz
0.079999998,0.005572417,MeO2PACz
0.059999999,0.005329231,MeO2PACz
0.039999999,0.005107943,MeO2PACz
0.02,0.004902814,MeO2PACz
0.0,0.004690382,MeO2PACz
-0.02,0.004538601,MeO2PACz
-0.039999999,0.004375754,MeO2PACz
-0.059999999,0.004224923,MeO2PACz
-0.079999998,0.004085683,MeO2PACz
-0.100000001,0.003956485,MeO2PACz
-0.119999997,0.003846026,MeO2PACz
-0.140000001,0.003741085,MeO2PACz
-0.159999996,0.003639389,MeO2PACz
-0.180000007,0.003557447,MeO2PACz
-0.200000003,0.003472437,MeO2PACz
-0.219999999,0.003399197,MeO2PACz
-0.239999995,0.003321846,MeO2PACz
-0.25999999,0.003267786,MeO2PACz
-0.280000001,0.003217398,MeO2PACz
-0.300000012,0.00316194,MeO2PACz
-0.319999993,0.003216872,MeO2PACz
-0.340000004,0.003136419,MeO2PACz
-0.360000014,0.003140306,MeO2PACz
-0.379999995,0.003247064,MeO2PACz
-0.400000006,0.003326044,MeO2PACz
-0.419999987,0.003225072,MeO2PACz
-0.439999998,0.003243009,MeO2PACz
-0.460000008,0.003409703,MeO2PACz
-0.479999989,0.003684084,MeO2PACz
-0.5,0.004756734,MeO2PACz
-0.519999981,0.026339932,MeO2PACz
-0.540000021,0.061925999,MeO2PACz
-0.560000002,0.259659565,MeO2PACz
-0.579999983,0.459244584,MeO2PACz
-0.600000024,0.784614916,MeO2PACz
-0.620000005,1.918551202,MeO2PACz
-0.639999986,2.788306909,MeO2PACz
-0.660000026,3.913757324,MeO2PACz
-0.680000007,5.371731991,MeO2PACz
-0.699999988,7.195584861,MeO2PACz
-0.720000029,9.411861273,MeO2PACz
-0.74000001,11.97953589,MeO2PACz
-0.75999999,14.85180398,MeO2PACz
-0.779999971,19.70202516,MeO2PACz
-0.800000012,22.79849377,MeO2PACz
-0.819999993,26.12828562,MeO2PACz
-0.839999974,29.65372448,MeO2PACz
-0.860000014,33.34974162,MeO2PACz
-0.879999995,37.23798258,MeO2PACz
-0.899999976,41.23483423,MeO2PACz
-0.920000017,45.32188947,MeO2PACz
-0.939999998,49.49054319,MeO2PACz
-0.959999979,53.62385284,MeO2PACz
-0.980000019,57.73118551,MeO2PACz
-1.0,61.7192781,MeO2PACz
-1.019999981,65.53205885,MeO2PACz
-1.039999962,69.00420643,MeO2PACz
-1.059999943,72.14326381,MeO2PACz
-1.080000043,74.83326207,MeO2PACz
-1.100000024,77.15058505,MeO2PACz
-1.120000005,78.94786059,MeO2PACz
-1.139999986,80.14969004,MeO2PACz
-1.159999967,81.0048135,MeO2PACz
-1.179999948,81.4499472,MeO2PACz
-1.200000048,81.5585194,MeO2PACz
-1.220000029,81.44643743,MeO2PACz
-1.24000001,81.40221885,MeO2PACz
-1.25999999,81.18955403,MeO2PACz
-1.279999971,81.08232878,MeO2PACz
-1.299999952,81.12575459,MeO2PACz
-1.320000052,81.33402448,MeO2PACz
-1.340000033,81.6325557,MeO2PACz
-1.360000014,82.13562383,MeO2PACz
-1.379999995,82.51721209,MeO2PACz
-1.399999976,83.31626377,MeO2PACz
-1.419999957,84.61689807,MeO2PACz
-1.440000057,85.69461532,MeO2PACz
-1.460000038,86.86393315,MeO2PACz
-1.480000019,89.58668163,MeO2PACz
-1.5,118.2113505,MeO2PACz
2.0,-758.8256859,NiOx
1.980000019,-739.7747976,NiOx
1.960000038,-720.6743414,NiOx
1.940000057,-701.5395263,NiOx
1.919999957,-682.7032271,NiOx
1.899999976,-663.5714907,NiOx
1.879999995,-644.4558255,NiOx
1.860000014,-625.3808614,NiOx
1.840000033,-606.3682112,NiOx
1.820000052,-587.3984788,NiOx
1.799999952,-568.5164909,NiOx
1.779999971,-549.7113486,NiOx
1.75999999,-530.9983842,NiOx
1.74000001,-512.3610339,NiOx
1.720000029,-494.150645,NiOx
1.700000048,-475.7344415,NiOx
1.679999948,-457.489509,NiOx
1.659999967,-439.3422653,NiOx
1.639999986,-421.3222048,NiOx
1.620000005,-403.4681507,NiOx
1.600000024,-385.7637548,NiOx
1.580000043,-368.2362023,NiOx
1.559999943,-350.8723472,NiOx
1.539999962,-333.7037465,NiOx
1.519999981,-316.7295074,NiOx
1.5,-300.2727143,NiOx
1.480000019,-283.7377516,NiOx
1.460000038,-267.4444094,NiOx
1.440000057,-251.4067114,NiOx
1.419999957,-235.6480561,NiOx
1.399999976,-220.1738621,NiOx
1.379999995,-204.9942586,NiOx
1.360000014,-190.15184,NiOx
1.340000033,-175.6232232,NiOx
1.320000052,-162.0219728,NiOx
1.299999952,-147.6295908,NiOx
1.279999971,-134.3545958,NiOx
1.25999999,-121.3705198,NiOx
1.24000001,-108.9243249,NiOx
1.220000029,-97.00719821,NiOx
1.200000048,-85.63793549,NiOx
1.179999948,-74.85995485,NiOx
1.159999967,-64.70803079,NiOx
1.139999986,-55.2323008,NiOx
1.120000005,-46.45757192,NiOx
1.100000024,-38.43810332,NiOx
1.080000043,-31.34668805,NiOx
1.059999943,-24.92407783,NiOx
1.039999962,-19.35844025,NiOx
1.019999981,-15.42732766,NiOx
1.0,-10.8267933,NiOx
0.980000019,-7.608216083,NiOx
0.959999979,-5.211522861,NiOx
0.939999998,-3.45208278,NiOx
0.920000017,-2.19810985,NiOx
0.899999976,-1.322792305,NiOx
0.879999995,-0.691718736,NiOx
0.860000014,-0.364654008,NiOx
0.839999974,-0.182282371,NiOx
0.819999993,-0.080952973,NiOx
0.800000012,-0.04088217,NiOx
0.779999971,-0.021466685,NiOx
0.75999999,-0.011181579,NiOx
0.74000001,-0.005509688,NiOx
0.720000029,-0.002350644,NiOx
0.699999988,-0.000432207,NiOx
0.680000007,0.000783181,NiOx
0.660000026,0.00158013,NiOx
0.639999986,0.002105485,NiOx
0.620000005,0.002487218,NiOx
0.600000024,0.002771667,NiOx
0.579999983,0.002981674,NiOx
0.560000002,0.003157421,NiOx
0.540000021,0.00329247,NiOx
0.519999981,0.003402103,NiOx
0.5,0.003489806,NiOx
0.479999989,0.003566075,NiOx
0.460000008,0.003628432,NiOx
0.439999998,0.003676429,NiOx
0.419999987,0.003709514,NiOx
0.400000006,0.003749332,NiOx
0.379999995,0.003778889,NiOx
0.360000014,0.003802835,NiOx
0.340000004,0.003825846,NiOx
0.319999993,0.003846783,NiOx
0.300000012,0.003864927,NiOx
0.280000001,0.003882792,NiOx
0.25999999,0.003900556,NiOx
0.239999995,0.003918989,NiOx
0.219999999,0.003934752,NiOx
0.200000003,0.003959117,NiOx
0.180000007,0.003981332,NiOx
0.159999996,0.004005725,NiOx
0.140000001,0.004031851,NiOx
0.119999997,0.004056811,NiOx
0.100000001,0.004083907,NiOx
0.079999998,0.004110187,NiOx
0.059999999,0.004136868,NiOx
0.039999999,0.004159595,NiOx
0.02,0.004189226,NiOx
0.0,0.004212262,NiOx
-0.02,0.00421705,NiOx
-0.039999999,0.004267946,NiOx
-0.059999999,0.004293485,NiOx
-0.079999998,0.004317014,NiOx
-0.100000001,0.004341516,NiOx
-0.119999997,0.004367431,NiOx
-0.140000001,0.004386427,NiOx
-0.159999996,0.004412085,NiOx
-0.180000007,0.004434377,NiOx
-0.200000003,0.004454689,NiOx
-0.219999999,0.00447599,NiOx
-0.239999995,0.004502196,NiOx
-0.25999999,0.004523841,NiOx
-0.280000001,0.004545323,NiOx
-0.300000012,0.004563544,NiOx
-0.319999993,0.004589049,NiOx
-0.340000004,0.004610931,NiOx
-0.360000014,0.004633355,NiOx
-0.379999995,0.004654484,NiOx
-0.400000006,0.004676008,NiOx
-0.419999987,0.004700198,NiOx
-0.439999998,0.004722726,NiOx
-0.460000008,0.004748105,NiOx
-0.479999989,0.004772651,NiOx
-0.5,0.004799183,NiOx
-0.519999981,0.004833401,NiOx
-0.540000021,0.004880378,NiOx
-0.560000002,0.004949333,NiOx
-0.579999983,0.005066928,NiOx
-0.600000024,0.00523602,NiOx
-0.620000005,0.005763404,NiOx
-0.639999986,0.006326284,NiOx
-0.660000026,0.006441336,NiOx
-0.680000007,0.006781525,NiOx
-0.699999988,0.0072436,NiOx
-0.720000029,0.00764894,NiOx
-0.74000001,0.008547024,NiOx
-0.75999999,0.009183031,NiOx
-0.779999971,0.009813916,NiOx
-0.800000012,0.010220657,NiOx
-0.819999993,0.010789517,NiOx
-0.839999974,0.011193733,NiOx
-0.860000014,0.012034279,NiOx
-0.879999995,0.012902332,NiOx
-0.899999976,0.013458858,NiOx
-0.920000017,0.019239773,NiOx
-0.939999998,0.022869962,NiOx
-0.959999979,0.022725393,NiOx
-0.980000019,0.025583039,NiOx
-1.0,0.025813023,NiOx
-1.019999981,0.027061661,NiOx
-1.039999962,0.031831762,NiOx
-1.059999943,0.034155878,NiOx
-1.080000043,0.038831049,NiOx
-1.100000024,0.042963823,NiOx
-1.120000005,0.044450889,NiOx
-1.139999986,0.049089563,NiOx
-1.159999967,0.054419616,NiOx
-1.179999948,0.067592511,NiOx
-1.200000048,0.07796753,NiOx
-1.220000029,0.087455357,NiOx
-1.24000001,0.103335194,NiOx
-1.25999999,0.116867108,NiOx
-1.279999971,0.129995009,NiOx
-1.299999952,0.172780888,NiOx
-1.320000052,0.216507138,NiOx
-1.340000033,0.188171868,NiOx
-1.360000014,0.180208032,NiOx
-1.379999995,0.200189811,NiOx
-1.399999976,0.215852993,NiOx
-1.419999957,0.240172385,NiOx
-1.440000057,0.254312728,NiOx
-1.460000038,0.269885683,NiOx
-1.480000019,0.249565602,NiOx
-1.5,0.263329444,NiOx
-1.519999981,0.31066992,NiOx
-1.539999962,0.343746484,NiOx
-1.559999943,0.400710918,NiOx
-1.580000043,0.423795246,NiOx
-1.600000024,0.448601512,NiOx
-1.620000005,0.51557159,NiOx
-1.639999986,0.582793141,NiOx
-1.659999967,0.738078251,NiOx
-1.679999948,0.733033788,NiOx
-1.700000048,0.795328252,NiOx
-1.720000029,0.805302868,NiOx
-1.74000001,0.904659858,NiOx
-1.75999999,1.053175382,NiOx
-1.779999971,1.345757151,NiOx
-1.799999952,1.489138255,NiOx
-1.820000052,1.857525401,NiOx
-1.840000033,2.068593956,NiOx
-1.860000014,1.85094541,NiOx
-1.879999995,2.067149829,NiOx
-1.899999976,2.304579358,NiOx
-1.919999957,2.5442304,NiOx
-1.940000057,2.847345111,NiOx
-1.960000038,3.250888,NiOx
-1.980000019,3.658346678,NiOx
-2.0,3.64623756,NiOx
-2.019999981,3.90852128,NiOx
-2.039999962,4.048248049,NiOx
-2.059999943,4.541363629,NiOx
-2.079999924,4.930969631,NiOx
-2.099999905,5.004845256,NiOx
-2.119999886,5.497105039,NiOx
-2.140000105,5.778871007,NiOx
-2.160000086,6.580376547,NiOx
-2.180000067,6.92620173,NiOx
-2.200000048,7.276640712,NiOx
-2.220000029,7.516301857,NiOx
-2.24000001,7.580293243,NiOx
-2.25999999,8.126084831,NiOx
-2.279999971,8.576368713,NiOx
-2.299999952,9.059286407,NiOx
-2.319999933,9.421718091,NiOx
-2.339999914,9.979431186,NiOx
-2.359999895,10.07413457,NiOx
-2.380000114,10.86608395,NiOx
-2.400000095,11.23342047,NiOx
-2.420000076,11.78892745,NiOx
-2.440000057,12.53184866,NiOx
-2.460000038,12.95732838,NiOx
-2.480000019,13.76523051,NiOx
-2.5,14.28837018,NiOx
-2.519999981,14.20706995,NiOx
-2.539999962,14.55388563,NiOx
-2.559999943,15.13810678,NiOx
-2.579999924,16.08412848,NiOx
-2.599999905,16.53978478,NiOx
-2.619999886,16.51553768,NiOx
-2.640000105,16.99864587,NiOx
-2.660000086,17.83732302,NiOx
-2.680000067,18.69464008,NiOx
-2.700000048,19.6241231,NiOx
-2.720000029,20.7188774,NiOx
-2.74000001,20.94810013,NiOx
-2.75999999,21.85711329,NiOx
-2.779999971,22.72583906,NiOx
-2.799999952,23.04839802,NiOx
-2.819999933,24.67791812,NiOx
-2.839999914,25.91035998,NiOx
-2.859999895,26.22192395,NiOx
-2.880000114,28.42184449,NiOx
-2.900000095,29.4204301,NiOx
-2.920000076,31.08606012,NiOx
-2.940000057,32.19879625,NiOx
-2.960000038,33.63075089,NiOx
-2.980000019,36.49070012,NiOx
-3.0,37.83401364,NiOx
-3.019999981,39.70643382,NiOx
-3.039999962,41.62493139,NiOx
-3.059999943,43.83678017,NiOx
-3.079999924,45.33727168,NiOx
-3.099999905,48.03999289,NiOx
-3.119999886,50.22866636,NiOx
-3.140000105,53.63774186,NiOx
-3.160000086,56.68030344,NiOx
-3.180000067,59.12941242,NiOx
-3.200000048,61.42504175,NiOx
-3.220000029,64.80748988,NiOx
-3.24000001,69.18557573,NiOx
-3.25999999,73.13067355,NiOx
-3.279999971,76.06105309,NiOx
-3.299999952,78.72362737,NiOx
-3.319999933,82.06234952,NiOx
-3.339999914,85.51274572,NiOx
-3.359999895,90.34741824,NiOx
-3.380000114,92.81776291,NiOx
-3.400000095,97.88912221,NiOx
-3.420000076,103.7401139,NiOx
-3.440000057,108.941766,NiOx
-3.460000038,115.3415377,NiOx
-3.480000019,117.9911966,NiOx
-3.5,124.3123292,NiOx
-3.519999981,129.0661999,NiOx
-3.539999962,136.0475555,NiOx
-3.559999943,141.5450064,NiOx
-3.579999924,149.872154,NiOx
-3.599999905,152.1728748,NiOx
-3.619999886,160.895796,NiOx
-3.640000105,169.0574606,NiOx
-3.660000086,178.5879847,NiOx
-3.680000067,185.6373731,NiOx
-3.700000048,189.0878847,NiOx
-3.720000029,196.5353404,NiOx
-3.74000001,203.6726118,NiOx
-3.75999999,212.7504823,NiOx
-3.779999971,222.0956501,NiOx
-3.799999952,232.7683605,NiOx
-3.819999933,241.5006411,NiOx
-3.839999914,250.650539,NiOx
-3.859999895,261.3134744,NiOx
-3.880000114,271.5871785,NiOx
-3.900000095,283.8332545,NiOx
-3.920000076,295.0052461,NiOx
-3.940000057,306.4103609,NiOx
-3.960000038,317.5500565,NiOx
-3.980000019,330.784843,NiOx
-4.0,343.9839468,NiOx
-4.019999981,356.3988615,NiOx
-4.039999962,370.6176788,NiOx
-4.059999943,384.4449096,NiOx
-4.079999924,396.9771557,NiOx
-4.099999905,412.1030042,NiOx
-4.119999886,425.4630651,NiOx
-4.139999866,439.3831819,NiOx
-4.159999847,454.5522561,NiOx
-4.179999828,466.8884472,NiOx
-4.199999809,485.6939281,NiOx
-4.21999979,498.3048978,NiOx
-4.239999771,514.1227575,NiOx
-4.260000229,527.6562754,NiOx
-4.28000021,543.4685625,NiOx
-4.300000191,555.7660845,NiOx
-4.320000172,573.8841108,NiOx
-4.340000153,588.9640859,NiOx
-4.360000134,602.1593105,NiOx
-4.380000114,619.0862291,NiOx
-4.400000095,633.4036589,NiOx
-4.420000076,653.1843962,NiOx
-4.440000057,667.1991846,NiOx
-4.460000038,685.576134,NiOx
-4.480000019,702.1742419,NiOx
-4.5,719.4265231,NiOx
-4.519999981,738.0742795,NiOx
-4.539999962,754.9454112,NiOx
-4.559999943,772.0043467,NiOx
-4.579999924,793.1978619,NiOx
-4.599999905,812.0792956,NiOx
-4.619999886,831.8749957,NiOx
-4.639999866,852.5711692,NiOx
-4.659999847,874.9866412,NiOx
-4.679999828,893.6064426,NiOx
-4.699999809,915.2705142,NiOx
-4.71999979,937.7390023,NiOx
-4.739999771,959.4928504,NiOx
-4.760000229,982.1275911,NiOx
-4.78000021,1005.013866,NiOx
-4.800000191,1029.326773,NiOx
-4.820000172,1054.149891,NiOx
-4.840000153,1075.898197,NiOx
-4.860000134,1100.938798,NiOx
-4.880000114,1120.98751,NiOx
-4.900000095,1141.085112,NiOx
-4.920000076,1157.598308,NiOx
-4.940000057,1175.400516,NiOx
-4.960000038,1189.613515,NiOx
-4.980000019,1203.804716,NiOx
-5.0,1215.975886,NiOx
-5.019999981,1226.453003,NiOx
-5.039999962,1236.120039,NiOx
-5.059999943,1244.99054,NiOx
-5.079999924,1254.39736,NiOx
-5.099999905,1262.243991,NiOx
-5.119999886,1268.804073,NiOx
-5.139999866,1272.035655,NiOx
-5.159999847,1278.478745,NiOx
-5.179999828,1283.959416,NiOx
-5.199999809,1288.031867,NiOx
-5.21999979,1292.160227,NiOx
-5.239999771,1295.936379,NiOx
-5.260000229,1300.317689,NiOx
-5.28000021,1304.130047,NiOx
-5.300000191,1309.279075,NiOx
-5.320000172,1314.860607,NiOx
-5.340000153,1320.044856,NiOx
-5.360000134,1326.910474,NiOx
-5.380000114,1333.518708,NiOx
-5.400000095,1340.86535,NiOx
-5.420000076,1348.139456,NiOx
-5.440000057,1356.647896,NiOx
-5.460000038,1364.242563,NiOx
-5.480000019,1374.010582,NiOx
-5.5,1385.648389,NiOx
-5.519999981,1395.546454,NiOx
-5.539999962,1406.227015,NiOx
-5.559999943,1419.440774,NiOx
-5.579999924,1430.96011,NiOx
-5.599999905,1441.756186,NiOx
-5.619999886,1455.554908,NiOx
-5.639999866,1468.1523,NiOx
-5.659999847,1483.114298,NiOx
-5.679999828,1496.647261,NiOx
-5.699999809,1513.225604,NiOx
-5.71999979,1529.774513,NiOx
-5.739999771,1546.646076,NiOx
-5.760000229,1565.216863,NiOx
-5.78000021,1586.732539,NiOx
-5.800000191,1610.339919,NiOx
-5.820000172,1631.651043,NiOx
-5.840000153,1652.961058,NiOx
-5.860000134,1652.961304,NiOx
-5.880000114,1652.96192,NiOx
-5.900000095,1652.960565,NiOx
-5.920000076,1652.962166,NiOx
-5.940000057,1652.960565,NiOx
-5.960000038,1652.960689,NiOx
-5.980000019,1652.961797,NiOx
-6.0,1652.96229,NiOx
-6.019999981,1652.96192,NiOx
-6.039999962,1652.961058,NiOx
-6.059999943,1652.960812,NiOx
-6.079999924,1652.960812,NiOx
-6.099999905,1652.965861,NiOx
-6.119999886,1652.957979,NiOx
-6.139999866,1652.958965,NiOx
-6.159999847,1652.958718,NiOx
-6.179999828,1652.958718,NiOx
-6.199999809,1652.960689,NiOx
-6.21999979,1652.957979,NiOx
-6.239999771,1652.960073,NiOx
-6.260000229,1652.960073,NiOx
-6.28000021,1652.959703,NiOx
-6.300000191,1652.960442,NiOx
-6.320000172,1652.959457,NiOx
-6.340000153,1652.958595,NiOx
-6.360000134,1652.958965,NiOx
-6.380000114,1652.959088,NiOx
-6.400000095,1652.959457,NiOx
-6.420000076,1652.959703,NiOx
-6.440000057,1652.959088,NiOx
-6.460000038,1652.959703,NiOx
-6.480000019,1652.958472,NiOx
-6.5,1652.95995,NiOx
-6.519999981,1652.957979,NiOx
-6.539999962,1653.293071,NiOx
-6.559999943,1652.958841,NiOx
-6.579999924,1652.959457,NiOx
-6.599999905,1652.958349,NiOx
-6.619999886,1652.958595,NiOx
-6.639999866,1652.957856,NiOx
-6.659999847,1652.958472,NiOx
-6.679999828,1652.957856,NiOx
-6.699999809,1652.957364,NiOx
-6.71999979,1652.959457,NiOx
-6.739999771,1652.95761,NiOx
-6.760000229,1652.957733,NiOx
-6.78000021,1652.95761,NiOx
-6.800000191,1652.957979,NiOx
-6.820000172,1652.958965,NiOx
-6.840000153,1652.95995,NiOx
-6.860000134,1652.959211,NiOx
-6.880000114,1652.958349,NiOx
-6.900000095,1652.958349,NiOx
-6.920000076,1652.958841,NiOx
-6.940000057,1652.958349,NiOx
-6.960000038,1652.958595,NiOx
-6.980000019,1652.95761,NiOx
-7.0,1652.959211,NiOx
-7.019999981,1652.956748,NiOx
-7.039999962,1652.958595,NiOx
-7.059999943,1652.958102,NiOx
-7.079999924,1652.958349,NiOx
-7.099999905,1652.958349,NiOx
-7.119999886,1652.956748,NiOx
-7.139999866,1652.957979,NiOx
-7.159999847,1652.958349,NiOx
-7.179999828,1652.957856,NiOx
-7.199999809,1652.956748,NiOx
-7.21999979,1652.956502,NiOx
-7.239999771,1652.957487,NiOx
-7.260000229,1652.958595,NiOx
-7.28000021,1652.955516,NiOx
-7.300000191,1652.957856,NiOx
-7.320000172,1652.958472,NiOx
-7.340000153,1652.958349,NiOx
-7.360000134,1652.957487,NiOx
-7.380000114,1652.957856,NiOx
-7.400000095,1652.956994,NiOx
-7.420000076,1652.956994,NiOx
-7.440000057,1652.957979,NiOx
-7.460000038,1652.957856,NiOx
-7.480000019,1652.957856,NiOx
-7.5,1652.95761,NiOx
-7.519999981,1652.957856,NiOx
-7.539999962,1652.958102,NiOx
-7.559999943,1652.958472,NiOx
-7.579999924,1652.957733,NiOx
-7.599999905,1652.957856,NiOx
-7.619999886,1652.956378,NiOx
-7.639999866,1652.955639,NiOx
-7.659999847,1652.955763,NiOx
-7.679999828,1652.956378,NiOx
-7.699999809,1652.956625,NiOx
-7.71999979,1652.957117,NiOx
-7.739999771,1652.958102,NiOx
-7.760000229,1652.957733,NiOx
-7.78000021,1652.956871,NiOx
-7.800000191,1652.957364,NiOx
-7.820000172,1652.956748,NiOx
-7.840000153,1652.956994,NiOx
-7.860000134,1652.956009,NiOx
-7.880000114,1652.955024,NiOx
-7.900000095,1652.959088,NiOx
-7.920000076,1652.956871,NiOx
-7.940000057,1652.958595,NiOx
-7.960000038,1652.956994,NiOx
-7.980000019,1652.956748,NiOx
-8.0,1652.957364,NiOx
-8.020000458,1652.95761,NiOx
-8.039999962,1652.956009,NiOx
-8.06000042,1652.955516,NiOx
-8.079999924,1652.955763,NiOx
-8.100000381,1652.956502,NiOx
-8.119999886,1652.956502,NiOx
-8.140000343,1652.956009,NiOx
-8.159999847,1652.956255,NiOx
-8.180000305,1652.956255,NiOx
-8.199999809,1652.957487,NiOx
-8.220000267,1652.956502,NiOx
-8.239999771,1652.955393,NiOx
-8.260000229,1652.956625,NiOx
-8.279999733,1652.955886,NiOx
-8.300000191,1652.957979,NiOx
-8.319999695,1652.956871,NiOx
-8.340000153,1652.956625,NiOx
-8.359999657,1652.955639,NiOx
-8.380000114,1652.956994,NiOx
-8.399999619,1652.956378,NiOx
-8.420000076,1652.957979,NiOx
-8.43999958,1652.956502,NiOx
-8.460000038,1652.957979,NiOx
-8.479999542,1652.958965,NiOx
-8.5,1652.956502,NiOx
-8.520000458,1652.956378,NiOx
-8.539999962,1652.956625,NiOx
-8.56000042,1652.957364,NiOx
-8.579999924,1652.956994,NiOx
-8.600000381,1652.956255,NiOx
-8.619999886,1652.956871,NiOx
-8.640000343,1652.95761,NiOx
-8.659999847,1652.956009,NiOx
-8.680000305,1652.956871,NiOx
-8.699999809,1652.956625,NiOx
-8.720000267,1652.956994,NiOx
-8.739999771,1652.956009,NiOx
-8.760000229,1652.956625,NiOx
-8.779999733,1652.956378,NiOx
-8.800000191,1652.956871,NiOx
-8.819999695,1652.95761,NiOx
-8.840000153,1652.957856,NiOx
-8.859999657,1652.957117,NiOx
-8.880000114,1652.956009,NiOx
-8.899999619,1652.956502,NiOx
-8.920000076,1652.957364,NiOx
-8.93999958,1652.956378,NiOx
-8.960000038,1652.954901,NiOx
-8.979999542,1652.956871,NiOx
-9.0,1652.957364,NiOx
-9.020000458,1652.956871,NiOx
-9.039999962,1652.956378,NiOx
-9.06000042,1652.954777,NiOx
-9.079999924,1652.956009,NiOx
-9.100000381,1652.956625,NiOx
-9.119999886,1652.956994,NiOx
-9.140000343,1652.955763,NiOx
-9.159999847,1652.954531,NiOx
-9.180000305,1652.956378,NiOx
-9.199999809,1652.955516,NiOx
-9.220000267,1652.956625,NiOx
-9.239999771,1652.955763,NiOx
-9.260000229,1652.956009,NiOx
-9.279999733,1652.956625,NiOx
-9.300000191,1652.956625,NiOx
-9.319999695,1652.955763,NiOx
-9.340000153,1652.956625,NiOx
-9.359999657,1652.956009,NiOx
-9.380000114,1652.956502,NiOx
-9.399999619,1652.956255,NiOx
-9.420000076,1652.955763,NiOx
-9.43999958,1652.957487,NiOx
-9.460000038,1652.95527,NiOx
-9.479999542,1652.955639,NiOx
-9.5,1652.956009,NiOx
-9.520000458,1652.955393,NiOx
-9.539999962,1652.956255,NiOx
-9.56000042,1652.955393,NiOx
-9.579999924,1652.955393,NiOx
-9.600000381,1652.954777,NiOx
-9.619999886,1652.956871,NiOx
-9.640000343,1652.955393,NiOx
-9.659999847,1652.954654,NiOx
-9.680000305,1652.95527,NiOx
-9.699999809,1652.955393,NiOx
-9.720000267,1652.954654,NiOx
-9.739999771,1652.95527,NiOx
-9.760000229,1652.956502,NiOx
-9.779999733,1652.955639,NiOx
-9.800000191,1652.954531,NiOx
-9.819999695,1652.955516,NiOx
-9.840000153,1652.956009,NiOx
-9.859999657,1652.955516,NiOx
-9.880000114,1652.955886,NiOx
-9.899999619,1652.956502,NiOx
-9.920000076,1652.956009,NiOx
-9.93999958,1652.956255,NiOx
-9.960000038,1652.955393,NiOx
-9.979999542,1652.955639,NiOx
-10.0,1652.956625,NiOx
2.0,-747.2380626,PEDOT
1.980000019,-733.014658,PEDOT
1.960000038,-718.5601622,PEDOT
1.940000057,-703.9046854,PEDOT
1.919999957,-689.3272858,PEDOT
1.899999976,-674.3763104,PEDOT
1.879999995,-659.3261992,PEDOT
1.860000014,-644.2079244,PEDOT
1.840000033,-629.044515,PEDOT
1.820000052,-613.8236562,PEDOT
1.799999952,-598.5925759,PEDOT
1.779999971,-583.3394518,PEDOT
1.75999999,-568.0886675,PEDOT
1.74000001,-552.818056,PEDOT
1.720000029,-537.8285346,PEDOT
1.700000048,-522.5800286,PEDOT
1.679999948,-507.381152,PEDOT
1.659999967,-492.1934206,PEDOT
1.639999986,-477.0154795,PEDOT
1.620000005,-461.8711585,PEDOT
1.600000024,-446.7621815,PEDOT
1.580000043,-431.6897801,PEDOT
1.559999943,-416.6514297,PEDOT
1.539999962,-401.6600611,PEDOT
1.519999981,-386.704406,PEDOT
1.5,-372.0665397,PEDOT
1.480000019,-357.2279695,PEDOT
1.460000038,-342.4412455,PEDOT
1.440000057,-327.7216692,PEDOT
1.419999957,-313.069733,PEDOT
1.399999976,-298.4876537,PEDOT
1.379999995,-283.9802341,PEDOT
1.360000014,-269.5574187,PEDOT
1.340000033,-255.1900669,PEDOT
1.320000052,-240.924822,PEDOT
1.299999952,-226.7524169,PEDOT
1.279999971,-212.9358386,PEDOT
1.25999999,-199.0013902,PEDOT
1.24000001,-185.2220186,PEDOT
1.220000029,-171.5768806,PEDOT
1.200000048,-157.5247777,PEDOT
1.179999948,-144.1167036,PEDOT
1.159999967,-131.1501226,PEDOT
1.139999986,-118.4249158,PEDOT
1.120000005,-105.9328167,PEDOT
1.100000024,-93.73953366,PEDOT
1.080000043,-82.0821382,PEDOT
1.059999943,-70.62443063,PEDOT
1.039999962,-59.65828819,PEDOT
1.019999981,-49.2585592,PEDOT
1.0,-39.54327534,PEDOT
0.980000019,-30.65735925,PEDOT
0.959999979,-22.73693604,PEDOT
0.939999998,-15.04923475,PEDOT
0.920000017,-9.838590776,PEDOT
0.899999976,-5.999754648,PEDOT
0.879999995,-3.371765589,PEDOT
0.860000014,-1.78508765,PEDOT
0.839999974,-0.801727788,PEDOT
0.819999993,-0.419246119,PEDOT
0.800000012,-0.216434905,PEDOT
0.779999971,-0.110680424,PEDOT
0.75999999,-0.064079847,PEDOT
0.74000001,-0.039386863,PEDOT
0.720000029,-0.026170984,PEDOT
0.699999988,-0.018677287,PEDOT
0.680000007,-0.014466291,PEDOT
0.660000026,-0.010904187,PEDOT
0.639999986,-0.008627133,PEDOT
0.620000005,-0.006849746,PEDOT
0.600000024,-0.005396328,PEDOT
0.579999983,-0.004109673,PEDOT
0.560000002,-0.002987825,PEDOT
0.540000021,-0.001918878,PEDOT
0.519999981,-0.000881656,PEDOT
0.5,1.92e-05,PEDOT
0.479999989,0.000891964,PEDOT
0.460000008,0.001798541,PEDOT
0.439999998,0.002556086,PEDOT
0.419999987,0.003358421,PEDOT
0.400000006,0.004078059,PEDOT
0.379999995,0.00483794,PEDOT
0.360000014,0.005532266,PEDOT
0.340000004,0.006200114,PEDOT
0.319999993,0.006831727,PEDOT
0.300000012,0.007483817,PEDOT
0.280000001,0.008088179,PEDOT
0.25999999,0.008641468,PEDOT
0.239999995,0.009228601,PEDOT
0.219999999,0.00977409,PEDOT
0.200000003,0.010319266,PEDOT
0.180000007,0.01100234,PEDOT
0.159999996,0.011541071,PEDOT
0.140000001,0.012127718,PEDOT
0.119999997,0.012650659,PEDOT
0.100000001,0.013263321,PEDOT
0.079999998,0.013752597,PEDOT
0.059999999,0.014253767,PEDOT
0.039999999,0.014657439,PEDOT
0.02,0.015229945,PEDOT
0.0,0.015890067,PEDOT
-0.02,0.016336417,PEDOT
-0.039999999,0.016853051,PEDOT
-0.059999999,0.017383823,PEDOT
-0.079999998,0.01779637,PEDOT
-0.100000001,0.018290286,PEDOT
-0.119999997,0.018732541,PEDOT
-0.140000001,0.019196726,PEDOT
-0.159999996,0.019651526,PEDOT
-0.180000007,0.020130692,PEDOT
-0.200000003,0.02059064,PEDOT
-0.219999999,0.021068178,PEDOT
-0.239999995,0.021520032,PEDOT
-0.25999999,0.021931058,PEDOT
-0.280000001,0.022363866,PEDOT
-0.300000012,0.022827333,PEDOT
-0.319999993,0.023208598,PEDOT
-0.340000004,0.023672486,PEDOT
-0.360000014,0.02409368,PEDOT
-0.379999995,0.02508955,PEDOT
-0.400000006,0.026394763,PEDOT
-0.419999987,0.02665682,PEDOT
-0.439999998,0.028295455,PEDOT
-0.460000008,0.032130753,PEDOT
-0.479999989,0.035351563,PEDOT
-0.5,0.0384609,PEDOT
-0.519999981,0.04141312,PEDOT
-0.540000021,0.044212127,PEDOT
-0.560000002,0.048487932,PEDOT
-0.579999983,0.050984293,PEDOT
-0.600000024,0.053819372,PEDOT
-0.620000005,0.057480155,PEDOT
-0.639999986,0.060436254,PEDOT
-0.660000026,0.062372455,PEDOT
-0.680000007,0.067438731,PEDOT
-0.699999988,0.07180611,PEDOT
-0.720000029,0.072131115,PEDOT
-0.74000001,0.075316098,PEDOT
-0.75999999,0.078634822,PEDOT
-0.779999971,0.080752306,PEDOT
-0.800000012,0.086664164,PEDOT
-0.819999993,0.090385839,PEDOT
-0.839999974,0.090648225,PEDOT
-0.860000014,0.094067316,PEDOT
-0.879999995,0.096626123,PEDOT
-0.899999976,0.093654923,PEDOT
-0.920000017,0.100571172,PEDOT
-0.939999998,0.105135588,PEDOT
-0.959999979,0.104992542,PEDOT
-0.980000019,0.109524509,PEDOT
-1.0,0.114566777,PEDOT
-1.019999981,0.118080141,PEDOT
-1.039999962,0.119221767,PEDOT
-1.059999943,0.119630957,PEDOT
-1.080000043,0.121656259,PEDOT
-1.100000024,0.127467411,PEDOT
-1.120000005,0.130737729,PEDOT
-1.139999986,0.134842616,PEDOT
-1.159999967,0.140430507,PEDOT
-1.179999948,0.143483913,PEDOT
-1.200000048,0.144462425,PEDOT
-1.220000029,0.154346543,PEDOT
-1.24000001,0.153680913,PEDOT
-1.25999999,0.155937902,PEDOT
-1.279999971,0.161907856,PEDOT
-1.299999952,0.166348671,PEDOT
-1.320000052,0.170193293,PEDOT
-1.340000033,0.170231957,PEDOT
-1.360000014,0.169869136,PEDOT
-1.379999995,0.171934216,PEDOT
-1.399999976,0.17506181,PEDOT
-1.419999957,0.176401098,PEDOT
-1.440000057,0.180250906,PEDOT
-1.460000038,0.189199116,PEDOT
-1.480000019,0.192907404,PEDOT
-1.5,0.197343799,PEDOT
-1.519999981,0.205075617,PEDOT
-1.539999962,0.205069122,PEDOT
-1.559999943,0.212555827,PEDOT
-1.580000043,0.226413565,PEDOT
-1.600000024,0.228701748,PEDOT
-1.620000005,0.241511342,PEDOT
-1.639999986,0.248013794,PEDOT
-1.659999967,0.247573327,PEDOT
-1.679999948,0.260165605,PEDOT
-1.700000048,0.275134594,PEDOT
-1.720000029,0.278731744,PEDOT
-1.74000001,0.291710158,PEDOT
-1.75999999,0.287959823,PEDOT
-1.779999971,0.300158567,PEDOT
-1.799999952,0.313168972,PEDOT
-1.820000052,0.325415611,PEDOT
-1.840000033,0.333677431,PEDOT
-1.860000014,0.353081538,PEDOT
-1.879999995,0.378077428,PEDOT
-1.899999976,0.384991603,PEDOT
-1.919999957,0.416774849,PEDOT
-1.940000057,0.4526768,PEDOT
-1.960000038,0.50981739,PEDOT
-1.980000019,0.530099513,PEDOT
-2.0,0.573129226,PEDOT
-2.019999981,0.637122476,PEDOT
-2.039999962,0.691678688,PEDOT
-2.059999943,0.729832487,PEDOT
-2.079999924,0.801109993,PEDOT
-2.099999905,0.850164078,PEDOT
-2.119999886,0.999086635,PEDOT
-2.140000105,1.077114725,PEDOT
-2.160000086,1.239568098,PEDOT
-2.180000067,1.319362864,PEDOT
-2.200000048,1.448438833,PEDOT
-2.220000029,1.812587162,PEDOT
-2.24000001,1.963129131,PEDOT
-2.25999999,2.167618657,PEDOT
-2.279999971,2.323061253,PEDOT
-2.299999952,2.566920805,PEDOT
-2.319999933,2.79069222,PEDOT
-2.339999914,3.151386815,PEDOT
-2.359999895,3.458703541,PEDOT
-2.380000114,3.750271728,PEDOT
-2.400000095,4.184692579,PEDOT
-2.420000076,4.484311943,PEDOT
-2.440000057,4.986341473,PEDOT
-2.460000038,5.67447244,PEDOT
-2.480000019,6.323157856,PEDOT
-2.5,6.846155614,PEDOT
-2.519999981,7.534968717,PEDOT
-2.539999962,8.500378371,PEDOT
-2.559999943,9.270950628,PEDOT
-2.579999924,10.29894506,PEDOT
-2.599999905,11.41664953,PEDOT
-2.619999886,13.13468568,PEDOT
-2.640000105,14.50899069,PEDOT
-2.660000086,16.03820215,PEDOT
-2.680000067,18.20811448,PEDOT
-2.700000048,19.95157728,PEDOT
-2.720000029,22.0340184,PEDOT
-2.74000001,25.10485062,PEDOT
-2.75999999,27.62774383,PEDOT
-2.779999971,30.20225231,PEDOT
-2.799999952,33.55844254,PEDOT
-2.819999933,36.16673841,PEDOT
-2.839999914,40.74262255,PEDOT
-2.859999895,43.92780348,PEDOT
-2.880000114,48.44141216,PEDOT
-2.900000095,52.86470564,PEDOT
-2.920000076,57.13549697,PEDOT
-2.940000057,62.01136318,PEDOT
-2.960000038,66.79247695,PEDOT
-2.980000019,72.69468374,PEDOT
-3.0,77.1225915,PEDOT
-3.019999981,83.20973894,PEDOT
-3.039999962,88.68894825,PEDOT
-3.059999943,95.51017799,PEDOT
-3.079999924,103.4016128,PEDOT
-3.099999905,108.9840835,PEDOT
-3.119999886,117.4944168,PEDOT
-3.140000105,125.3524087,PEDOT
-3.160000086,133.935008,PEDOT
-3.180000067,142.1756581,PEDOT
-3.200000048,151.1463726,PEDOT
-3.220000029,161.1492081,PEDOT
-3.24000001,179.7162243,PEDOT
-3.25999999,186.4573218,PEDOT
-3.279999971,197.7591598,PEDOT
-3.299999952,209.9240491,PEDOT
-3.319999933,220.3641444,PEDOT
-3.339999914,233.061196,PEDOT
-3.359999895,244.2919303,PEDOT
-3.380000114,257.2739512,PEDOT
-3.400000095,271.8259049,PEDOT
-3.420000076,286.0544819,PEDOT
-3.440000057,300.9643867,PEDOT
-3.460000038,316.0682222,PEDOT
-3.480000019,331.7338992,PEDOT
-3.5,349.3241658,PEDOT
-3.519999981,366.5785405,PEDOT
-3.539999962,383.9898085,PEDOT
-3.559999943,403.4459221,PEDOT
-3.579999924,422.7276245,PEDOT
-3.599999905,441.9745369,PEDOT
-3.619999886,462.0127811,PEDOT
-3.640000105,482.9212038,PEDOT
-3.660000086,503.7396961,PEDOT
-3.680000067,525.3461028,PEDOT
-3.700000048,546.9106076,PEDOT
-3.720000029,568.6703053,PEDOT
-3.74000001,591.0671201,PEDOT
-3.75999999,613.1623402,PEDOT
-3.779999971,635.7094596,PEDOT
-3.799999952,658.027643,PEDOT
-3.819999933,678.5152619,PEDOT
-3.839999914,700.2208967,PEDOT
-3.859999895,721.3693389,PEDOT
-3.880000114,742.442598,PEDOT
-3.900000095,763.3045931,PEDOT
-3.920000076,783.9172709,PEDOT
-3.940000057,804.6214492,PEDOT
-3.960000038,823.4863193,PEDOT
-3.980000019,843.100065,PEDOT
-4.0,862.2108658,PEDOT
-4.019999981,880.3121438,PEDOT
-4.039999962,898.6898321,PEDOT
-4.059999943,915.847534,PEDOT
-4.079999924,933.5599039,PEDOT
-4.099999905,949.3183745,PEDOT
-4.119999886,966.4970119,PEDOT
-4.139999866,982.9427831,PEDOT
-4.159999847,998.0983724,PEDOT
-4.179999828,1012.165315,PEDOT
-4.199999809,1026.727505,PEDOT
-4.21999979,1039.989108,PEDOT
-4.239999771,1052.336752,PEDOT
-4.260000229,1065.849396,PEDOT
-4.28000021,1076.569242,PEDOT
-4.300000191,1088.110992,PEDOT
-4.320000172,1098.081223,PEDOT
-4.340000153,1107.475112,PEDOT
-4.360000134,1116.8791,PEDOT
-4.380000114,1125.766349,PEDOT
-4.400000095,1132.760905,PEDOT
-4.420000076,1139.717654,PEDOT
-4.440000057,1146.167886,PEDOT
-4.460000038,1150.966676,PEDOT
-4.480000019,1155.82507,PEDOT
-4.5,1159.735455,PEDOT
-4.519999981,1162.450791,PEDOT
-4.539999962,1164.930788,PEDOT
-4.559999943,1167.343914,PEDOT
-4.579999924,1169.176264,PEDOT
-4.599999905,1168.962476,PEDOT
-4.619999886,1169.587955,PEDOT
-4.639999866,1168.89228,PEDOT
-4.659999847,1169.154713,PEDOT
-4.679999828,1167.772723,PEDOT
-4.699999809,1166.077562,PEDOT
-4.71999979,1164.202232,PEDOT
-4.739999771,1161.482093,PEDOT
-4.760000229,1159.28608,PEDOT
-4.78000021,1155.519165,PEDOT
-4.800000191,1151.681193,PEDOT
-4.820000172,1148.222769,PEDOT
-4.840000153,1144.503636,PEDOT
-4.860000134,1141.122304,PEDOT
-4.880000114,1137.316966,PEDOT
-4.900000095,1133.673324,PEDOT
-4.920000076,1130.61169,PEDOT
-4.940000057,1128.14721,PEDOT
-4.960000038,1126.548722,PEDOT
-4.980000019,1123.637823,PEDOT
-5.0,1122.427873,PEDOT
2.0,-283.1923163,polyTPD
1.980000019,-275.2548949,polyTPD
1.960000038,-266.900414,polyTPD
1.940000057,-258.2492807,polyTPD
1.919999957,-249.5415167,polyTPD
1.899999976,-240.495897,polyTPD
1.879999995,-231.3338478,polyTPD
1.860000014,-222.0954014,polyTPD
1.840000033,-212.8188511,polyTPD
1.820000052,-203.5299037,polyTPD
1.799999952,-194.2688843,polyTPD
1.779999971,-185.051203,polyTPD
1.75999999,-176.075782,polyTPD
1.74000001,-167.1154613,polyTPD
1.720000029,-158.380527,polyTPD
1.700000048,-149.5953499,polyTPD
1.679999948,-140.9776457,polyTPD
1.659999967,-132.5047897,polyTPD
1.639999986,-124.2152473,polyTPD
1.620000005,-116.1303606,polyTPD
1.600000024,-108.2666331,polyTPD
1.580000043,-100.63765,polyTPD
1.559999943,-93.25294164,polyTPD
1.539999962,-86.14152929,polyTPD
1.519999981,-79.29824747,polyTPD
1.5,-72.86079879,polyTPD
1.480000019,-66.60804983,polyTPD
1.460000038,-60.65740292,polyTPD
1.440000057,-55.02336011,polyTPD
1.419999957,-49.70893027,polyTPD
1.399999976,-44.71319223,polyTPD
1.379999995,-40.03980055,polyTPD
1.360000014,-35.68934282,polyTPD
1.340000033,-31.65191639,polyTPD
1.320000052,-27.93055169,polyTPD
1.299999952,-24.51469825,polyTPD
1.279999971,-21.45322564,polyTPD
1.25999999,-18.62238447,polyTPD
1.24000001,-16.1873221,polyTPD
1.220000029,-13.80639591,polyTPD
1.200000048,-11.7384849,polyTPD
1.179999948,-9.91994196,polyTPD
1.159999967,-8.319800141,polyTPD
1.139999986,-6.921834513,polyTPD
1.120000005,-5.70784866,polyTPD
1.100000024,-4.663237236,polyTPD
1.080000043,-3.787171616,polyTPD
1.059999943,-3.031801595,polyTPD
1.039999962,-2.40197867,polyTPD
1.019999981,-1.882412806,polyTPD
1.0,-1.469070098,polyTPD
0.980000019,-1.121315107,polyTPD
0.959999979,-0.852454144,polyTPD
0.939999998,-0.642389256,polyTPD
0.920000017,-0.480402245,polyTPD
0.899999976,-0.356526457,polyTPD
0.879999995,-0.262756386,polyTPD
0.860000014,-0.193293832,polyTPD
0.839999974,-0.137618271,polyTPD
0.819999993,-0.1006493,polyTPD
0.800000012,-0.072195759,polyTPD
0.779999971,-0.051276839,polyTPD
0.75999999,-0.035969483,polyTPD
0.74000001,-0.024816191,polyTPD
0.720000029,-0.016217226,polyTPD
0.699999988,-0.010560954,polyTPD
0.680000007,-0.006290497,polyTPD
0.660000026,-0.003159264,polyTPD
0.639999986,-0.000885935,polyTPD
0.620000005,0.000826919,polyTPD
0.600000024,0.002119447,polyTPD
0.579999983,0.003109474,polyTPD
0.560000002,0.003874281,polyTPD
0.540000021,0.004480598,polyTPD
0.519999981,0.004967932,polyTPD
0.5,0.0053743,polyTPD
0.479999989,0.005717718,polyTPD
0.460000008,0.006011901,polyTPD
0.439999998,0.006270411,polyTPD
0.419999987,0.006503547,polyTPD
0.400000006,0.006720417,polyTPD
0.379999995,0.006919594,polyTPD
0.360000014,0.007104473,polyTPD
0.340000004,0.007284167,polyTPD
0.319999993,0.00745056,polyTPD
0.300000012,0.007612813,polyTPD
0.280000001,0.007767425,polyTPD
0.25999999,0.007918419,polyTPD
0.239999995,0.008066494,polyTPD
0.219999999,0.008202333,polyTPD
0.200000003,0.008345559,polyTPD
0.180000007,0.008479364,polyTPD
0.159999996,0.008613203,polyTPD
0.140000001,0.008744924,polyTPD
0.119999997,0.008872644,polyTPD
0.100000001,0.009000315,polyTPD
0.079999998,0.00912147,polyTPD
0.059999999,0.009242498,polyTPD
0.039999999,0.009360776,polyTPD
0.02,0.009477773,polyTPD
0.0,0.009586858,polyTPD
-0.02,0.00968366,polyTPD
-0.039999999,0.009808042,polyTPD
-0.059999999,0.009910808,polyTPD
-0.079999998,0.010017027,polyTPD
-0.100000001,0.010116845,polyTPD
-0.119999997,0.010217062,polyTPD
-0.140000001,0.01031443,polyTPD
-0.159999996,0.010412233,polyTPD
-0.180000007,0.010506022,polyTPD
-0.200000003,0.010595971,polyTPD
-0.219999999,0.010690673,polyTPD
-0.239999995,0.01077986,polyTPD
-0.25999999,0.010871244,polyTPD
-0.280000001,0.010957827,polyTPD
-0.300000012,0.0110462,polyTPD
-0.319999993,0.011133126,polyTPD
-0.340000004,0.011216905,polyTPD
-0.360000014,0.011297863,polyTPD
-0.379999995,0.011382552,polyTPD
-0.400000006,0.011462247,polyTPD
-0.419999987,0.011541625,polyTPD
-0.439999998,0.011616732,polyTPD
-0.460000008,0.011696065,polyTPD
-0.479999989,0.011769496,polyTPD
-0.5,0.011845407,polyTPD
-0.519999981,0.011917537,polyTPD
-0.540000021,0.01199025,polyTPD
-0.560000002,0.012063317,polyTPD
-0.579999983,0.012130343,polyTPD
-0.600000024,0.012203097,polyTPD
-0.620000005,0.012275434,polyTPD
-0.639999986,0.01235122,polyTPD
-0.660000026,0.01242666,polyTPD
-0.680000007,0.012511792,polyTPD
-0.699999988,0.012601486,polyTPD
-0.720000029,0.012700363,polyTPD
-0.74000001,0.012824157,polyTPD
-0.75999999,0.012971937,polyTPD
-0.779999971,0.013154476,polyTPD
-0.800000012,0.013374684,polyTPD
-0.819999993,0.01367156,polyTPD
-0.839999974,0.013968427,polyTPD
-0.860000014,0.014272634,polyTPD
-0.879999995,0.014767987,polyTPD
-0.899999976,0.015234705,polyTPD
-0.920000017,0.0158563,polyTPD
-0.939999998,0.016489279,polyTPD
-0.959999979,0.017230625,polyTPD
-0.980000019,0.018177145,polyTPD
-1.0,0.019795842,polyTPD
-1.019999981,0.021286505,polyTPD
-1.039999962,0.02285907,polyTPD
-1.059999943,0.025105074,polyTPD
-1.080000043,0.026882611,polyTPD
-1.100000024,0.028989994,polyTPD
-1.120000005,0.03162569,polyTPD
-1.139999986,0.034893273,polyTPD
-1.159999967,0.038483535,polyTPD
-1.179999948,0.042302512,polyTPD
-1.200000048,0.046536498,polyTPD
-1.220000029,0.051865512,polyTPD
-1.24000001,0.05696153,polyTPD
-1.25999999,0.062976224,polyTPD
-1.279999971,0.069664438,polyTPD
-1.299999952,0.076766957,polyTPD
-1.320000052,0.085066192,polyTPD
-1.340000033,0.094307426,polyTPD
-1.360000014,0.10419631,polyTPD
-1.379999995,0.114517986,polyTPD
-1.399999976,0.127168232,polyTPD
-1.419999957,0.139173004,polyTPD
-1.440000057,0.150138985,polyTPD
-1.460000038,0.163452846,polyTPD
-1.480000019,0.176843971,polyTPD
-1.5,0.190847384,polyTPD
-1.519999981,0.204578921,polyTPD
-1.539999962,0.217050132,polyTPD
-1.559999943,0.230229208,polyTPD
-1.580000043,0.244407796,polyTPD
-1.600000024,0.25596234,polyTPD
-1.620000005,0.267802665,polyTPD
-1.639999986,0.280619906,polyTPD
-1.659999967,0.294671157,polyTPD
-1.679999948,0.303340894,polyTPD
-1.700000048,0.314042784,polyTPD
-1.720000029,0.324269827,polyTPD
-1.74000001,0.333415486,polyTPD
-1.75999999,0.340944114,polyTPD
-1.779999971,0.347606215,polyTPD
-1.799999952,0.35318071,polyTPD
-1.820000052,0.358523164,polyTPD
-1.840000033,0.361646755,polyTPD
-1.860000014,0.365011469,polyTPD
-1.879999995,0.367480936,polyTPD
-1.899999976,0.367539787,polyTPD
-1.919999957,0.368926324,polyTPD
-1.940000057,0.371950877,polyTPD
-1.960000038,0.372229428,polyTPD
-1.980000019,0.369856645,polyTPD
-2.0,0.368307141,polyTPD
-2.019999981,0.366909877,polyTPD
-2.039999962,0.367349311,polyTPD
-2.059999943,0.367224311,polyTPD
-2.079999924,0.366318136,polyTPD
-2.099999905,0.363359731,polyTPD
-2.119999886,0.363322807,polyTPD
-2.140000105,0.364336058,polyTPD
-2.160000086,0.363889393,polyTPD
-2.180000067,0.365838615,polyTPD
-2.200000048,0.365591911,polyTPD
-2.220000029,0.36726554,polyTPD
-2.24000001,0.366603951,polyTPD
-2.25999999,0.363549871,polyTPD
-2.279999971,0.366863973,polyTPD
-2.299999952,0.368761978,polyTPD
-2.319999933,0.371265411,polyTPD
-2.339999914,0.371042381,polyTPD
-2.359999895,0.371929892,polyTPD
-2.380000114,0.37084797,polyTPD
-2.400000095,0.372773416,polyTPD
-2.420000076,0.37653926,polyTPD
-2.440000057,0.375591216,polyTPD
-2.460000038,0.3762294,polyTPD
-2.480000019,0.379036236,polyTPD
-2.5,0.37832992,polyTPD
-2.519999981,0.377380531,polyTPD
-2.539999962,0.380008897,polyTPD
-2.559999943,0.382287888,polyTPD
-2.579999924,0.383810456,polyTPD
-2.599999905,0.383133733,polyTPD
-2.619999886,0.38450416,polyTPD
-2.640000105,0.386140294,polyTPD
-2.660000086,0.387144028,polyTPD
-2.680000067,0.39066838,polyTPD
-2.700000048,0.388850211,polyTPD
-2.720000029,0.391733757,polyTPD
-2.74000001,0.394402377,polyTPD
-2.75999999,0.394552128,polyTPD
-2.779999971,0.396791504,polyTPD
-2.799999952,0.401062359,polyTPD
-2.819999933,0.403577865,polyTPD
-2.839999914,0.403319996,polyTPD
-2.859999895,0.402656321,polyTPD
-2.880000114,0.406221263,polyTPD
-2.900000095,0.404926636,polyTPD
-2.920000076,0.411456339,polyTPD
-2.940000057,0.410086718,polyTPD
-2.960000038,0.412701632,polyTPD
-2.980000019,0.416316649,polyTPD
-3.0,0.413140058,polyTPD
-3.019999981,0.412839243,polyTPD
-3.039999962,0.415964012,polyTPD
-3.059999943,0.417721479,polyTPD
-3.079999924,0.417483182,polyTPD
-3.099999905,0.419849509,polyTPD
-3.119999886,0.41934137,polyTPD
-3.140000105,0.424487125,polyTPD
-3.160000086,0.425955011,polyTPD
-3.180000067,0.429232288,polyTPD
-3.200000048,0.426112665,polyTPD
-3.220000029,0.435392573,polyTPD
-3.24000001,0.433924452,polyTPD
-3.25999999,0.434180572,polyTPD
-3.279999971,0.432994063,polyTPD
-3.299999952,0.429433022,polyTPD
-3.319999933,0.435054531,polyTPD
-3.339999914,0.432954683,polyTPD
-3.359999895,0.436948366,polyTPD
-3.380000114,0.435900274,polyTPD
-3.400000095,0.434171728,polyTPD
-3.420000076,0.435790206,polyTPD
-3.440000057,0.441360094,polyTPD
-3.460000038,0.436008392,polyTPD
-3.480000019,0.437966829,polyTPD
-3.5,0.440414371,polyTPD
-3.519999981,0.444406035,polyTPD
-3.539999962,0.442359523,polyTPD
-3.559999943,0.449211462,polyTPD
-3.579999924,0.447758205,polyTPD
-3.599999905,0.443762572,polyTPD
-3.619999886,0.442727159,polyTPD
-3.640000105,0.442977227,polyTPD
-3.660000086,0.444813791,polyTPD
-3.680000067,0.450830848,polyTPD
-3.700000048,0.458569961,polyTPD
-3.720000029,0.462514141,polyTPD
-3.74000001,0.460071376,polyTPD
-3.75999999,0.466868599,polyTPD
-3.779999971,0.472225076,polyTPD
-3.799999952,0.485068479,polyTPD
-3.819999933,0.479419125,polyTPD
-3.839999914,0.489013837,polyTPD
-3.859999895,0.485696272,polyTPD
-3.880000114,0.486805636,polyTPD
-3.900000095,0.510482756,polyTPD
-3.920000076,0.485806744,polyTPD
-3.940000057,0.490503178,polyTPD
-3.960000038,0.495830431,polyTPD
-3.980000019,0.49517772,polyTPD
-4.0,0.514059065,polyTPD
-4.019999981,0.541038247,polyTPD
-4.039999962,0.536788948,polyTPD
-4.059999943,0.539681405,polyTPD
-4.079999924,0.535038845,polyTPD
-4.099999905,0.55569148,polyTPD
-4.119999886,0.546099996,polyTPD
-4.139999866,0.552726383,polyTPD
-4.159999847,0.572858301,polyTPD
-4.179999828,0.586837064,polyTPD
-4.199999809,0.591249768,polyTPD
-4.21999979,0.617523273,polyTPD
-4.239999771,0.642338543,polyTPD
-4.260000229,0.667506788,polyTPD
-4.28000021,0.677400799,polyTPD
-4.300000191,0.710122119,polyTPD
-4.320000172,0.718783012,polyTPD
-4.340000153,0.731898444,polyTPD
-4.360000134,0.732014465,polyTPD
-4.380000114,0.754654726,polyTPD
-4.400000095,0.784904494,polyTPD
-4.420000076,0.764853958,polyTPD
-4.440000057,0.815094804,polyTPD
-4.460000038,0.809547447,polyTPD
-4.480000019,0.839351694,polyTPD
-4.5,0.851303147,polyTPD
-4.519999981,0.875014233,polyTPD
-4.539999962,0.87269946,polyTPD
-4.559999943,0.898738704,polyTPD
-4.579999924,0.923808615,polyTPD
-4.599999905,0.941380535,polyTPD
-4.619999886,1.004302053,polyTPD
-4.639999866,0.992275135,polyTPD
-4.659999847,1.023958588,polyTPD
-4.679999828,1.081055441,polyTPD
-4.699999809,1.060103842,polyTPD
-4.71999979,1.100255962,polyTPD
-4.739999771,1.115159194,polyTPD
-4.760000229,1.165536508,polyTPD
-4.78000021,1.213683324,polyTPD
-4.800000191,1.20788442,polyTPD
-4.820000172,1.234233254,polyTPD
-4.840000153,1.271619498,polyTPD
-4.860000134,1.346150123,polyTPD
-4.880000114,1.351470549,polyTPD
-4.900000095,1.367851655,polyTPD
-4.920000076,1.410479363,polyTPD
-4.940000057,1.418930409,polyTPD
-4.960000038,1.450121327,polyTPD
-4.980000019,1.465135872,polyTPD
-5.0,1.539627621,polyTPD
-5.019999981,1.506913296,polyTPD
-5.039999962,1.509704664,polyTPD
-5.059999943,1.502222815,polyTPD
-5.079999924,1.565019366,polyTPD
-5.099999905,1.585364561,polyTPD
-5.119999886,1.624237893,polyTPD
-5.139999866,1.648067219,polyTPD
-5.159999847,1.651851189,polyTPD
-5.179999828,1.691621751,polyTPD
-5.199999809,1.712131326,polyTPD
-5.21999979,1.751905519,polyTPD
-5.239999771,1.805818686,polyTPD
-5.260000229,1.886261613,polyTPD
-5.28000021,1.930387978,polyTPD
-5.300000191,1.984820785,polyTPD
-5.320000172,2.048555594,polyTPD
-5.340000153,2.13448911,polyTPD
-5.360000134,2.170000453,polyTPD
-5.380000114,2.184605662,polyTPD
-5.400000095,2.233998781,polyTPD
-5.420000076,2.219373393,polyTPD
-5.440000057,2.293221747,polyTPD
-5.460000038,2.366097002,polyTPD
-5.480000019,2.39582908,polyTPD
-5.5,2.475779942,polyTPD
-5.519999981,2.516848058,polyTPD
-5.539999962,2.583796752,polyTPD
-5.559999943,2.603409367,polyTPD
-5.579999924,2.746463614,polyTPD
-5.599999905,2.77894388,polyTPD
-5.619999886,2.860770989,polyTPD
-5.639999866,2.941879507,polyTPD
-5.659999847,3.009159652,polyTPD
-5.679999828,3.033208645,polyTPD
-5.699999809,3.186176814,polyTPD
-5.71999979,3.130180244,polyTPD
-5.739999771,3.230526342,polyTPD
-5.760000229,3.285646398,polyTPD
-5.78000021,3.270345061,polyTPD
-5.800000191,3.315415871,polyTPD
-5.820000172,3.373130495,polyTPD
-5.840000153,3.461865065,polyTPD
-5.860000134,3.516847913,polyTPD
-5.880000114,3.493569166,polyTPD
-5.900000095,3.649685038,polyTPD
-5.920000076,3.878551064,polyTPD
-5.940000057,3.754082526,polyTPD
-5.960000038,3.839397937,polyTPD
-5.980000019,3.915152938,polyTPD
-6.0,3.898771159,polyTPD
-6.019999981,4.121378098,polyTPD
-6.039999962,4.169008233,polyTPD
-6.059999943,4.229909839,polyTPD
-6.079999924,4.331827906,polyTPD
-6.099999905,4.395256016,polyTPD
-6.119999886,4.481060262,polyTPD
-6.139999866,4.642770707,polyTPD
-6.159999847,4.66333947,polyTPD
-6.179999828,4.76676117,polyTPD
-6.199999809,4.732764896,polyTPD
-6.21999979,4.743295982,polyTPD
-6.239999771,4.919935419,polyTPD
-6.260000229,5.080115326,polyTPD
-6.28000021,5.151803332,polyTPD
-6.300000191,5.167814651,polyTPD
-6.320000172,5.30936392,polyTPD
-6.340000153,5.36663921,polyTPD
-6.360000134,5.508097546,polyTPD
-6.380000114,5.670227953,polyTPD
-6.400000095,5.666920443,polyTPD
-6.420000076,5.698625081,polyTPD
-6.440000057,6.008805707,polyTPD
-6.460000038,6.043717236,polyTPD
-6.480000019,6.087801766,polyTPD
-6.5,6.183663597,polyTPD
-6.519999981,6.301090158,polyTPD
-6.539999962,6.481740899,polyTPD
-6.559999943,6.54007511,polyTPD
-6.579999924,6.641954166,polyTPD
-6.599999905,6.56449268,polyTPD
-6.619999886,6.649374138,polyTPD
-6.639999866,267.2652678,polyTPD
-6.659999847,344.5378104,polyTPD
-6.679999828,334.7957487,polyTPD
-6.699999809,294.4074473,polyTPD
-6.71999979,350.6588831,polyTPD
-6.739999771,346.0852107,polyTPD
-6.760000229,239.2211814,polyTPD
-6.78000021,348.2465778,polyTPD
-6.800000191,357.3378947,polyTPD
-6.820000172,370.0472734,polyTPD
-6.840000153,364.9274738,polyTPD
-6.860000134,376.6962219,polyTPD
-6.880000114,362.6242976,polyTPD
-6.900000095,354.8645336,polyTPD
-6.920000076,354.7692825,polyTPD
-6.940000057,356.5050844,polyTPD
-6.960000038,365.4496332,polyTPD
-6.980000019,352.6601898,polyTPD
-7.0,358.3854848,polyTPD
-7.019999981,359.1431548,polyTPD
-7.039999962,349.7091613,polyTPD
-7.059999943,334.9009864,polyTPD
-7.079999924,348.8718054,polyTPD
-7.099999905,353.3349025,polyTPD
-7.119999886,347.8303105,polyTPD
-7.139999866,338.0693776,polyTPD
-7.159999847,328.9301253,polyTPD
-7.179999828,302.3828521,polyTPD
-7.199999809,331.7579748,polyTPD
-7.21999979,285.7147837,polyTPD
-7.239999771,319.914913,polyTPD
-7.260000229,297.3308923,polyTPD
-7.28000021,306.2970672,polyTPD
-7.300000191,289.9708662,polyTPD
-7.320000172,315.8689441,polyTPD
-7.340000153,316.6603274,polyTPD
-7.360000134,316.3219552,polyTPD
-7.380000114,327.4063139,polyTPD
-7.400000095,327.3269724,polyTPD
-7.420000076,328.8530222,polyTPD
-7.440000057,305.0325965,polyTPD
-7.460000038,323.3159566,polyTPD
-7.480000019,315.9071686,polyTPD
-7.5,319.8406336,polyTPD
-7.519999981,322.3237746,polyTPD
-7.539999962,304.1811905,polyTPD
-7.559999943,300.5381967,polyTPD
-7.579999924,296.8516752,polyTPD
-7.599999905,303.9838699,polyTPD
-7.619999886,307.52872,polyTPD
-7.639999866,308.6345766,polyTPD
-7.659999847,310.6719037,polyTPD
-7.679999828,313.9110618,polyTPD
-7.699999809,309.8713604,polyTPD
-7.71999979,305.0287396,polyTPD
-7.739999771,306.3193131,polyTPD
-7.760000229,308.3115286,polyTPD
-7.78000021,309.2455474,polyTPD
-7.800000191,303.3143227,polyTPD
-7.820000172,302.4950115,polyTPD
-7.840000153,300.8705425,polyTPD
-7.860000134,305.8447793,polyTPD
-7.880000114,286.7596706,polyTPD
-7.900000095,298.0645946,polyTPD
-7.920000076,293.1394641,polyTPD
-7.940000057,293.7346631,polyTPD
-7.960000038,292.777744,polyTPD
-7.980000019,290.2667095,polyTPD
-8.0,292.178206,polyTPD
-8.020000458,295.2362974,polyTPD
-8.039999962,295.5344823,polyTPD
-8.06000042,294.7207154,polyTPD
-8.079999924,298.9605612,polyTPD
-8.100000381,304.5203548,polyTPD
-8.119999886,294.1927363,polyTPD
-8.140000343,302.9820801,polyTPD
-8.159999847,304.1094939,polyTPD
-8.180000305,302.3556818,polyTPD
-8.199999809,299.3916018,polyTPD
-8.220000267,305.619944,polyTPD
-8.239999771,299.7548371,polyTPD
-8.260000229,288.9457286,polyTPD
-8.279999733,296.0389069,polyTPD
-8.300000191,299.3575786,polyTPD
-8.319999695,289.0255178,polyTPD
-8.340000153,293.9001645,polyTPD
-8.359999657,301.0764723,polyTPD
-8.380000114,296.1849862,polyTPD
-8.399999619,292.7773307,polyTPD
-8.420000076,302.8635844,polyTPD
-8.43999958,301.5146068,polyTPD
-8.460000038,301.2150444,polyTPD
-8.479999542,298.7275988,polyTPD
-8.5,295.6272884,polyTPD
-8.520000458,291.2641947,polyTPD
-8.539999962,289.4526671,polyTPD
-8.56000042,283.3078677,polyTPD
-8.579999924,277.8107828,polyTPD
-8.600000381,282.2900133,polyTPD
-8.619999886,280.2450413,polyTPD
-8.640000343,284.2835202,polyTPD
-8.659999847,281.1897871,polyTPD
-8.680000305,279.1488441,polyTPD
-8.699999809,286.5429622,polyTPD
-8.720000267,299.4386075,polyTPD
-8.739999771,294.6453341,polyTPD
-8.760000229,295.5068298,polyTPD
-8.779999733,294.1049923,polyTPD
-8.800000191,289.1125386,polyTPD
-8.819999695,289.9782701,polyTPD
-8.840000153,294.1978673,polyTPD
-8.859999657,292.2414657,polyTPD
-8.880000114,302.3596075,polyTPD
-8.899999619,303.2194848,polyTPD
-8.920000076,296.0859815,polyTPD
-8.93999958,300.0398673,polyTPD
-8.960000038,298.04135,polyTPD
-8.979999542,291.8431741,polyTPD
-9.0,284.9367273,polyTPD
-9.020000458,280.4789506,polyTPD
-9.039999962,280.4569285,polyTPD
-9.06000042,273.9577956,polyTPD
-9.079999924,277.7916361,polyTPD
-9.100000381,286.4155475,polyTPD
-9.119999886,293.016285,polyTPD
-9.140000343,286.4159091,polyTPD
-9.159999847,285.8586762,polyTPD
-9.180000305,280.4234219,polyTPD
-9.199999809,279.0557797,polyTPD
-9.220000267,284.9672724,polyTPD
-9.239999771,274.0082966,polyTPD
-9.260000229,276.7163419,polyTPD
-9.279999733,272.8564847,polyTPD
-9.300000191,272.4080881,polyTPD
-9.319999695,261.9273653,polyTPD
-9.340000153,265.6838616,polyTPD
-9.359999657,252.8018359,polyTPD
-9.380000114,258.9652998,polyTPD
-9.399999619,250.324308,polyTPD
-9.420000076,245.0430017,polyTPD
-9.43999958,252.4639802,polyTPD
-9.460000038,248.6271265,polyTPD
-9.479999542,264.1790075,polyTPD
-9.5,262.823573,polyTPD
-9.520000458,263.813947,polyTPD
-9.539999962,257.7678424,polyTPD
-9.56000042,259.1936821,polyTPD
-9.579999924,255.3163657,polyTPD
-9.600000381,251.4946296,polyTPD
-9.619999886,251.7327574,polyTPD
-9.640000343,252.8097563,polyTPD
-9.659999847,253.3949515,polyTPD
-9.680000305,248.7175566,polyTPD
-9.699999809,253.2990461,polyTPD
-9.720000267,250.8780628,polyTPD
-9.739999771,249.7827093,polyTPD
-9.760000229,245.4543791,polyTPD
-9.779999733,252.1896597,polyTPD
-9.800000191,253.8341191,polyTPD
-9.819999695,251.6907105,polyTPD
-9.840000153,261.0831566,polyTPD
-9.859999657,252.0671005,polyTPD
-9.880000114,248.4562014,polyTPD
-9.899999619,247.5185323,polyTPD
-9.920000076,244.630419,polyTPD
-9.93999958,246.5097003,polyTPD
-9.960000038,251.2575865,polyTPD
-9.979999542,249.9713003,polyTPD
-10.0,253.5573192,polyTPD
2.0,-58.37955031,PTAA
1.980000019,-55.35073731,PTAA
1.960000038,-52.32192431,PTAA
1.940000057,-49.43992992,PTAA
1.919999957,-46.70475275,PTAA
1.899999976,-43.96957557,PTAA
1.879999995,-41.48024883,PTAA
1.860000014,-38.99092239,PTAA
1.840000033,-36.6283483,PTAA
1.820000052,-34.39252597,PTAA
1.799999952,-32.15670364,PTAA
1.779999971,-30.16323305,PTAA
1.75999999,-28.16976305,PTAA
1.74000001,-26.29620248,PTAA
1.720000029,-24.54255134,PTAA
1.700000048,-22.78890069,PTAA
1.679999948,-21.23911446,PTAA
1.659999967,-19.68932823,PTAA
1.639999986,-18.24165085,PTAA
1.620000005,-16.89608281,PTAA
1.600000024,-15.55051498,PTAA
1.580000043,-14.38152048,PTAA
1.559999943,-13.21252598,PTAA
1.539999962,-12.1334671,PTAA
1.519999981,-11.1443447,PTAA
1.5,-10.15522231,PTAA
1.480000019,-9.312407249,PTAA
1.460000038,-8.469592191,PTAA
1.440000057,-7.696229094,PTAA
1.419999957,-6.992317291,PTAA
1.399999976,-6.288405488,PTAA
1.379999995,-5.707433195,PTAA
1.360000014,-5.126461049,PTAA
1.340000033,-4.59911054,PTAA
1.320000052,-4.125381409,PTAA
1.299999952,-3.651652279,PTAA
1.279999971,-3.274621261,PTAA
1.25999999,-2.897590476,PTAA
1.24000001,-2.558946915,PTAA
1.220000029,-2.258690576,PTAA
1.200000048,-1.958434425,PTAA
1.179999948,-1.736071012,PTAA
1.159999967,-1.5137076,PTAA
1.139999986,-1.308422489,PTAA
1.120000005,-1.12021576,PTAA
1.100000024,-0.932009089,PTAA
1.080000043,-0.791729327,PTAA
1.059999943,-0.651449565,PTAA
1.039999962,-0.530691751,PTAA
1.019999981,-0.429456074,PTAA
1.0,-0.328220397,PTAA
0.980000019,-0.270485562,PTAA
0.959999979,-0.212750727,PTAA
0.939999998,-0.164841107,PTAA
0.920000017,-0.126756725,PTAA
0.899999976,-0.088672343,PTAA
0.879999995,-0.070966597,PTAA
0.860000014,-0.053260875,PTAA
0.839999974,-0.039796018,PTAA
0.819999993,-0.030572004,PTAA
0.800000012,-0.021347994,PTAA
0.779999971,-0.016567402,PTAA
0.75999999,-0.011786811,PTAA
0.74000001,-0.008006892,PTAA
0.720000029,-0.005227647,PTAA
0.699999988,-0.002448401,PTAA
0.680000007,-0.001168055,PTAA
0.660000026,1.1229e-05,PTAA
0.639999986,0.001132486,PTAA
0.620000005,0.001892533,PTAA
0.600000024,0.002652579,PTAA
0.579999983,0.003094375,PTAA
0.560000002,0.003536171,PTAA
0.540000021,0.003887362,PTAA
0.519999981,0.004147949,PTAA
0.5,0.004408535,PTAA
0.479999989,0.004585605,PTAA
0.460000008,0.004762674,PTAA
0.439999998,0.004919062,PTAA
0.419999987,0.005054769,PTAA
0.400000006,0.005190475,PTAA
0.379999995,0.005308205,PTAA
0.360000014,0.005425936,PTAA
0.340000004,0.005536841,PTAA
0.319999993,0.00564092,PTAA
0.300000012,0.005744999,PTAA
0.280000001,0.005834278,PTAA
0.25999999,0.005923557,PTAA
0.239999995,0.006013296,PTAA
0.219999999,0.006103494,PTAA
0.200000003,0.006193693,PTAA
0.180000007,0.006276159,PTAA
0.159999996,0.006358626,PTAA
0.140000001,0.006437649,PTAA
0.119999997,0.006513229,PTAA
0.100000001,0.006588809,PTAA
0.079999998,0.006658997,PTAA
0.059999999,0.006729184,PTAA
0.039999999,0.006797568,PTAA
0.02,0.006864148,PTAA
0.0,0.006930728,PTAA
-0.02,0.006987168,PTAA
-0.039999999,0.007043609,PTAA
-0.059999999,0.007104977,PTAA
-0.079999998,0.007171271,PTAA
-0.100000001,0.007237566,PTAA
-0.119999997,0.00729756,PTAA
-0.140000001,0.007357553,PTAA
-0.159999996,0.00741268,PTAA
-0.180000007,0.00746294,PTAA
-0.200000003,0.0075132,PTAA
-0.219999999,0.007568297,PTAA
-0.239999995,0.007623394,PTAA
-0.25999999,0.007675582,PTAA
-0.280000001,0.00772486,PTAA
-0.300000012,0.007774139,PTAA
-0.319999993,0.007821517,PTAA
-0.340000004,0.007868896,PTAA
-0.360000014,0.007914743,PTAA
-0.379999995,0.007959058,PTAA
-0.400000006,0.008003373,PTAA
-0.419999987,0.00804758,PTAA
-0.439999998,0.008091786,PTAA
-0.460000008,0.008135359,PTAA
-0.479999989,0.008178299,PTAA
-0.5,0.008221238,PTAA
-0.519999981,0.008262691,PTAA
-0.540000021,0.008304144,PTAA
-0.560000002,0.008344004,PTAA
-0.579999983,0.008382272,PTAA
-0.600000024,0.008420539,PTAA
-0.620000005,0.008459521,PTAA
-0.639999986,0.008498504,PTAA
-0.660000026,0.008537032,PTAA
-0.680000007,0.008575107,PTAA
-0.699999988,0.008613181,PTAA
-0.720000029,0.008649442,PTAA
-0.74000001,0.008685702,PTAA
-0.75999999,0.008722367,PTAA
-0.779999971,0.008759437,PTAA
-0.800000012,0.008796507,PTAA
-0.819999993,0.008832223,PTAA
-0.839999974,0.008867938,PTAA
-0.860000014,0.008903765,PTAA
-0.879999995,0.008939703,PTAA
-0.899999976,0.008975641,PTAA
-0.920000017,0.009009789,PTAA
-0.939999998,0.009043936,PTAA
-0.959999979,0.009079106,PTAA
-0.980000019,0.009115297,PTAA
-1.0,0.009151489,PTAA
-1.019999981,0.009186891,PTAA
-1.039999962,0.009222293,PTAA
-1.059999943,0.009258109,PTAA
-1.080000043,0.009294341,PTAA
-1.100000024,0.009330572,PTAA
-1.120000005,0.009367196,PTAA
-1.139999986,0.00940382,PTAA
-1.159999967,0.009439988,PTAA
-1.179999948,0.0094757,PTAA
-1.200000048,0.009511413,PTAA
-1.220000029,0.009548745,PTAA
-1.24000001,0.009586077,PTAA
-1.25999999,0.00962279,PTAA
-1.279999971,0.009658885,PTAA
-1.299999952,0.00969498,PTAA
-1.320000052,0.009734425,PTAA
-1.340000033,0.009773869,PTAA
-1.360000014,0.009812075,PTAA
-1.379999995,0.009849043,PTAA
-1.399999976,0.009886011,PTAA
-1.419999957,0.009923695,PTAA
-1.440000057,0.009961379,PTAA
-1.460000038,0.009998554,PTAA
-1.480000019,0.010035221,PTAA
-1.5,0.010071887,PTAA
-1.519999981,0.010111258,PTAA
-1.539999962,0.010150629,PTAA
-1.559999943,0.010189992,PTAA
-1.580000043,0.010229348,PTAA
-1.600000024,0.010268704,PTAA
-1.620000005,0.010313523,PTAA
-1.639999986,0.010358342,PTAA
-1.659999967,0.010403464,PTAA
-1.679999948,0.010448888,PTAA
-1.700000048,0.010494312,PTAA
-1.720000029,0.010553455,PTAA
-1.74000001,0.010612597,PTAA
-1.75999999,0.010681568,PTAA
-1.779999971,0.010760368,PTAA
-1.799999952,0.010839168,PTAA
-1.820000052,0.010912949,PTAA
-1.840000033,0.01098673,PTAA
-1.860000014,0.011005689,PTAA
-1.879999995,0.010969826,PTAA
-1.899999976,0.010933962,PTAA
-1.919999957,0.011066368,PTAA
-1.940000057,0.011198773,PTAA
-1.960000038,0.011256682,PTAA
-1.980000019,0.011240096,PTAA
-2.0,0.011223509,PTAA
-2.019999981,0.011377197,PTAA
-2.039999962,0.011530885,PTAA
-2.059999943,0.011602445,PTAA
-2.079999924,0.011591879,PTAA
-2.099999905,0.011581314,PTAA
-2.119999886,0.011616822,PTAA
-2.140000105,0.011652331,PTAA
-2.160000086,0.011706638,PTAA
-2.180000067,0.011779746,PTAA
-2.200000048,0.011852854,PTAA
-2.220000029,0.011937923,PTAA
-2.24000001,0.012022991,PTAA
-2.25999999,0.012075625,PTAA
-2.279999971,0.012095823,PTAA
-2.299999952,0.012116022,PTAA
-2.319999933,0.012148311,PTAA
-2.339999914,0.012180599,PTAA
-2.359999895,0.012241229,PTAA
-2.380000114,0.012330199,PTAA
-2.400000095,0.01241917,PTAA
-2.420000076,0.012534635,PTAA
-2.440000057,0.012650101,PTAA
-2.460000038,0.012729998,PTAA
-2.480000019,0.012774326,PTAA
-2.5,0.012818654,PTAA
-2.519999981,0.012876474,PTAA
-2.539999962,0.012934293,PTAA
-2.559999943,0.013000081,PTAA
-2.579999924,0.013073835,PTAA
-2.599999905,0.01314759,PTAA
-2.619999886,0.013294605,PTAA
-2.640000105,0.01344162,PTAA
-2.660000086,0.013603331,PTAA
-2.680000067,0.013779738,PTAA
-2.700000048,0.013956145,PTAA
-2.720000029,0.014198961,PTAA
-2.74000001,0.014441777,PTAA
-2.75999999,0.01462803,PTAA
-2.779999971,0.014757719,PTAA
-2.799999952,0.014887409,PTAA
-2.819999933,0.015019992,PTAA
-2.839999914,0.015152575,PTAA
-2.859999895,0.015441425,PTAA
-2.880000114,0.015886539,PTAA
-2.900000095,0.016331653,PTAA
-2.920000076,0.016108098,PTAA
-2.940000057,0.01588454,PTAA
-2.960000038,0.015926363,PTAA
-2.980000019,0.016233569,PTAA
-3.0,0.016540775,PTAA
-3.019999981,0.016984034,PTAA
-3.039999962,0.017427293,PTAA
-3.059999943,0.018334828,PTAA
-3.079999924,0.019706634,PTAA
-3.099999905,0.021078434,PTAA
-3.119999886,0.021225931,PTAA
-3.140000105,0.021373428,PTAA
-3.160000086,0.021375163,PTAA
-3.180000067,0.021231134,PTAA
-3.200000048,0.021087105,PTAA
-3.220000029,0.020986419,PTAA
-3.24000001,0.020885733,PTAA
-3.25999999,0.02081642,PTAA
-3.279999971,0.020778479,PTAA
-3.299999952,0.020740538,PTAA
-3.319999933,0.020819106,PTAA
-3.339999914,0.020897674,PTAA
-3.359999895,0.021182774,PTAA
-3.380000114,0.021674403,PTAA
-3.400000095,0.022166031,PTAA
-3.420000076,0.023214501,PTAA
-3.440000057,0.024262973,PTAA
-3.460000038,0.025599454,PTAA
-3.480000019,0.027223948,PTAA
-3.5,0.028848442,PTAA
-3.519999981,0.029176154,PTAA
-3.539999962,0.029503865,PTAA
-3.559999943,0.030143619,PTAA
-3.579999924,0.031095412,PTAA
-3.599999905,0.032047206,PTAA
-3.619999886,0.033033403,PTAA
-3.640000105,0.0340196,PTAA
-3.660000086,0.034549429,PTAA
-3.680000067,0.034622883,PTAA
-3.700000048,0.034696338,PTAA
-3.720000029,0.034177028,PTAA
-3.74000001,0.033657717,PTAA
-3.75999999,0.033638911,PTAA
-3.779999971,0.034120611,PTAA
-3.799999952,0.03460231,PTAA
-3.819999933,0.034512236,PTAA
-3.839999914,0.034422163,PTAA
-3.859999895,0.034744059,PTAA
-3.880000114,0.035477916,PTAA
-3.900000095,0.036211774,PTAA
-3.920000076,0.037256988,PTAA
-3.940000057,0.038302203,PTAA
-3.960000038,0.040922583,PTAA
-3.980000019,0.045118145,PTAA
-4.0,0.049313707,PTAA
-4.019999981,0.048414498,PTAA
-4.039999962,0.047515289,PTAA
-4.059999943,0.049123912,PTAA
-4.079999924,0.053240465,PTAA
-4.099999905,0.057356988,PTAA
-4.119999886,0.055423483,PTAA
-4.139999866,0.053489978,PTAA
-4.159999847,0.054450097,PTAA
-4.179999828,0.058303893,PTAA
-4.199999809,0.06215763,PTAA
-4.21999979,0.059711769,PTAA
-4.239999771,0.057265908,PTAA
-4.260000229,0.055951102,PTAA
-4.28000021,0.055767348,PTAA
-4.300000191,0.055583595,PTAA
-4.320000172,0.058410674,PTAA
-4.340000153,0.061237782,PTAA
-4.360000134,0.063739057,PTAA
-4.380000114,0.065914506,PTAA
-4.400000095,0.068089954,PTAA
-4.420000076,0.069571357,PTAA
-4.440000057,0.071052757,PTAA
-4.460000038,0.074831887,PTAA
-4.480000019,0.080908661,PTAA
-4.5,0.086985434,PTAA
-4.519999981,0.083396759,PTAA
-4.539999962,0.079808085,PTAA
-4.559999943,0.079584958,PTAA
-4.579999924,0.082727507,PTAA
-4.599999905,0.085870057,PTAA
-4.619999886,0.08897169,PTAA
-4.639999866,0.092073323,PTAA
-4.659999847,0.094391616,PTAA
-4.679999828,0.095926554,PTAA
-4.699999809,0.097461554,PTAA
-4.71999979,0.105503297,PTAA
-4.739999771,0.11354504,PTAA
-4.760000229,0.118860149,PTAA
-4.78000021,0.121448624,PTAA
-4.800000191,0.1240371,PTAA
-4.820000172,0.123929518,PTAA
-4.840000153,0.12382191,PTAA
-4.860000134,0.123673976,PTAA
-4.880000114,0.123485717,PTAA
-4.900000095,0.123297457,PTAA
-4.920000076,0.125635634,PTAA
-4.940000057,0.127973823,PTAA
-4.960000038,0.128712707,PTAA
-4.980000019,0.127852348,PTAA
-5.0,0.126991989,PTAA
-5.019999981,0.133131417,PTAA
-5.039999962,0.139270844,PTAA
-5.059999943,0.144881466,PTAA
-5.079999924,0.14996326,PTAA
-5.099999905,0.155045044,PTAA
-5.119999886,0.157966788,PTAA
-5.139999866,0.160888532,PTAA
-5.159999847,0.163728363,PTAA
-5.179999828,0.166486278,PTAA
-5.199999809,0.169244161,PTAA
-5.21999979,0.168669849,PTAA
-5.239999771,0.168095536,PTAA
-5.260000229,0.169933254,PTAA
-5.28000021,0.174183,PTAA
-5.300000191,0.178432747,PTAA
-5.320000172,0.181797596,PTAA
-5.340000153,0.185162436,PTAA
-5.360000134,0.192536556,PTAA
-5.380000114,0.20391988,PTAA
-5.400000095,0.215303204,PTAA
-5.420000076,0.218029535,PTAA
-5.440000057,0.220755825,PTAA
-5.460000038,0.223126662,PTAA
-5.480000019,0.225142059,PTAA
-5.5,0.227157456,PTAA
-5.519999981,0.235257038,PTAA
-5.539999962,0.24335662,PTAA
-5.559999943,0.250265147,PTAA
-5.579999924,0.255982572,PTAA
-5.599999905,0.261699958,PTAA
-5.619999886,0.258867486,PTAA
-5.639999866,0.256035014,PTAA
-5.659999847,0.257228252,PTAA
-5.679999828,0.262447275,PTAA
-5.699999809,0.267666308,PTAA
-5.71999979,0.273857749,PTAA
-5.739999771,0.280049191,PTAA
-5.760000229,0.283271129,PTAA
-5.78000021,0.283523563,PTAA
-5.800000191,0.283775998,PTAA
-5.820000172,0.282996059,PTAA
-5.840000153,0.28221611,PTAA
-5.860000134,0.281443808,PTAA
-5.880000114,0.280679155,PTAA
-5.900000095,0.279914501,PTAA
-5.920000076,0.281250867,PTAA
-5.940000057,0.282587243,PTAA
-5.960000038,0.2856353,PTAA
-5.980000019,0.290394973,PTAA
-6.0,0.295154646,PTAA
-6.019999981,0.297950051,PTAA
-6.039999962,0.300745457,PTAA
-6.059999943,0.302693112,PTAA
-6.079999924,0.303792985,PTAA
-6.099999905,0.304892863,PTAA
-6.119999886,0.306935271,PTAA
-6.139999866,0.308977679,PTAA
-6.159999847,0.314294658,PTAA
-6.179999828,0.322886269,PTAA
-6.199999809,0.331477808,PTAA
-6.21999979,0.332417959,PTAA
-6.239999771,0.33335811,PTAA
-6.260000229,0.33720656,PTAA
-6.28000021,0.343963308,PTAA
-6.300000191,0.350720057,PTAA
-6.320000172,0.349769384,PTAA
-6.340000153,0.348818637,PTAA
-6.360000134,0.355140968,PTAA
-6.380000114,0.368736238,PTAA
-6.400000095,0.382331508,PTAA
-6.420000076,0.397120278,PTAA
-6.440000057,0.411909055,PTAA
-6.460000038,0.421586013,PTAA
-6.480000019,0.42615135,PTAA
-6.5,0.430716686,PTAA
-6.519999981,0.422096975,PTAA
-6.539999962,0.413477264,PTAA
-6.559999943,0.411593487,PTAA
-6.579999924,0.416445902,PTAA
-6.599999905,0.421298307,PTAA
-6.619999886,0.424125727,PTAA
-6.639999866,0.426953148,PTAA
-6.659999847,0.430395875,PTAA
-6.679999828,0.43445392,PTAA
-6.699999809,0.438511938,PTAA
-6.71999979,0.439766307,PTAA
-6.739999771,0.441020675,PTAA
-6.760000229,0.44297484,PTAA
-6.78000021,0.445628802,PTAA
-6.800000191,0.448282764,PTAA
-6.820000172,0.447356587,PTAA
-6.840000153,0.446430377,PTAA
-6.860000134,0.44468922,PTAA
-6.880000114,0.442133133,PTAA
-6.900000095,0.439577046,PTAA
-6.920000076,0.442285299,PTAA
-6.940000057,0.444993577,PTAA
-6.960000038,0.450490777,PTAA
-6.980000019,0.458776793,PTAA
-7.0,0.467062808,PTAA
-7.019999981,0.473697981,PTAA
-7.039999962,0.480333153,PTAA
-7.059999943,0.48429376,PTAA
-7.079999924,0.485579698,PTAA
-7.099999905,0.486865638,PTAA
-7.119999886,0.488518526,PTAA
-7.139999866,0.490171414,PTAA
-7.159999847,0.490652648,PTAA
-7.179999828,0.489962208,PTAA
-7.199999809,0.489271778,PTAA
-7.21999979,0.489730722,PTAA
-7.239999771,0.490189667,PTAA
-7.260000229,0.482655109,PTAA
-7.28000021,0.467127049,PTAA
-7.300000191,0.451598989,PTAA
-7.320000172,0.467297387,PTAA
-7.340000153,0.482996083,PTAA
-7.360000134,0.494490411,PTAA
-7.380000114,0.501780452,PTAA
-7.400000095,0.509070492,PTAA
-7.420000076,0.517490951,PTAA
-7.440000057,0.525911416,PTAA
-7.460000038,0.529560218,PTAA
-7.480000019,0.528437542,PTAA
-7.5,0.527314865,PTAA
-7.519999981,0.530647934,PTAA
-7.539999962,0.533981003,PTAA
-7.559999943,0.540485902,PTAA
-7.579999924,0.550162751,PTAA
-7.599999905,0.55983951,PTAA
-7.619999886,0.550405784,PTAA
-7.639999866,0.540972058,PTAA
-7.659999847,0.532685204,PTAA
-7.679999828,0.525545243,PTAA
-7.699999809,0.518405366,PTAA
-7.71999979,0.519977544,PTAA
-7.739999771,0.521549721,PTAA
-7.760000229,0.523276889,PTAA
-7.78000021,0.525159047,PTAA
-7.800000191,0.527041205,PTAA
-7.820000172,0.538699532,PTAA
-7.840000153,0.550357953,PTAA
-7.860000134,0.55022979,PTAA
-7.880000114,0.538315266,PTAA
-7.900000095,0.526400742,PTAA
-7.920000076,0.538396703,PTAA
-7.940000057,0.550392777,PTAA
-7.960000038,0.560449228,PTAA
-7.980000019,0.568566129,PTAA
-8.0,0.57668303,PTAA
-8.020000458,0.565859585,PTAA
-8.039999962,0.55503614,PTAA
-8.06000042,0.549976009,PTAA
-8.079999924,0.55067941,PTAA
-8.100000381,0.551382812,PTAA
-8.119999886,0.563345398,PTAA
-8.140000343,0.575308199,PTAA
-8.159999847,0.583333525,PTAA
-8.180000305,0.587421677,PTAA
-8.199999809,0.591509974,PTAA
-8.220000267,0.610738306,PTAA
-8.239999771,0.629966639,PTAA
-8.260000229,0.64780801,PTAA
-8.279999733,0.66426242,PTAA
-8.300000191,0.680716829,PTAA
-8.319999695,0.667770924,PTAA
-8.340000153,0.654824737,PTAA
-8.359999657,0.65330351,PTAA
-8.380000114,0.663208112,PTAA
-8.399999619,0.673112196,PTAA
-8.420000076,0.655847753,PTAA
-8.43999958,0.63858331,PTAA
-8.460000038,100.3290747,PTAA
-8.479999542,299.7235133,PTAA
-8.5,499.1179519,PTAA
-8.520000458,1039.050662,PTAA
-8.539999962,1578.983373,PTAA
-8.56000042,1606.036446,PTAA
-8.579999924,1120.190289,PTAA
-8.600000381,634.3441314,PTAA
-8.619999886,594.6250201,PTAA
-8.640000343,554.9144076,PTAA
-8.659999847,528.4103231,PTAA
-8.680000305,515.1117603,PTAA
-8.699999809,501.8134419,PTAA
-8.720000267,514.1076633,PTAA
-8.739999771,526.4018848,PTAA
-8.760000229,510.4740638,PTAA
-8.779999733,466.3242004,PTAA
-8.800000191,422.1743371,PTAA
-8.819999695,417.5661643,PTAA
-8.840000153,412.9583691,PTAA
-8.859999657,406.7240596,PTAA
-8.880000114,398.8631119,PTAA
-8.899999619,391.0022474,PTAA
-8.920000076,387.5129978,PTAA
-8.93999958,384.0237482,PTAA
-8.960000038,378.9667501,PTAA
-8.979999542,372.3420632,PTAA
-9.0,365.7173763,PTAA
-9.020000458,363.3293716,PTAA
-9.039999962,360.9413669,PTAA
-9.06000042,353.1384426,PTAA
-9.079999924,339.9203918,PTAA
-9.100000381,326.7023411,PTAA
-9.119999886,326.0343008,PTAA
-9.140000343,325.3664997,PTAA
-9.159999847,322.3866612,PTAA
-9.180000305,317.0949614,PTAA
-9.199999809,311.8033825,PTAA
-9.220000267,319.1726369,PTAA
-9.239999771,326.5418913,PTAA
-9.260000229,315.2309257,PTAA
-9.279999733,285.2397399,PTAA
-9.300000191,255.2485541,PTAA
-9.319999695,262.5963702,PTAA
-9.340000153,269.9445428,PTAA
-9.359999657,275.6329847,PTAA
-9.380000114,279.6615695,PTAA
-9.399999619,283.6898946,PTAA
-9.420000076,274.093742,PTAA
-9.43999958,264.4975894,PTAA
-9.460000038,256.8724731,PTAA
-9.479999542,251.2183177,PTAA
-9.5,245.5641624,PTAA
-9.520000458,246.0139829,PTAA
-9.539999962,246.4638034,PTAA
-9.56000042,248.064955,PTAA
-9.579999924,250.8174816,PTAA
-9.600000381,253.5700082,PTAA
-9.619999886,234.0694958,PTAA
-9.640000343,214.5685594,PTAA
-9.659999847,206.7860444,PTAA
-9.680000305,210.7210579,PTAA
-9.699999809,214.656115,PTAA
-9.720000267,223.1558851,PTAA
-9.739999771,231.6556551,PTAA
-9.760000229,226.6593258,PTAA
-9.779999733,208.166897,PTAA
-9.800000191,189.6744683,PTAA
-9.819999695,198.5692849,PTAA
-9.840000153,207.4643629,PTAA
-9.859999657,201.6152919,PTAA
-9.880000114,181.0209483,PTAA
-9.899999619,160.426928,PTAA
-9.920000076,156.8038039,PTAA
-9.93999958,153.1806798,PTAA
-9.960000038,150.1592862,PTAA
-9.979999542,147.7396001,PTAA
-10.0,145.319914,PTAA
