Voltage,current
2,-283.1923163
1.980000019,-275.2548949
1.960000038,-266.900414
1.940000057,-258.2492807
1.919999957,-249.5415167
1.899999976,-240.495897
1.879999995,-231.3338478
1.860000014,-222.0954014
1.840000033,-212.8188511
1.820000052,-203.5299037
1.799999952,-194.2688843
1.779999971,-185.051203
1.75999999,-176.075782
1.74000001,-167.1154613
1.720000029,-158.380527
1.700000048,-149.5953499
1.679999948,-140.9776457
1.659999967,-132.5047897
1.639999986,-124.2152473
1.620000005,-116.1303606
1.600000024,-108.2666331
1.580000043,-100.63765
1.559999943,-93.25294164
1.539999962,-86.14152929
1.519999981,-79.29824747
1.5,-72.86079879
1.480000019,-66.60804983
1.460000038,-60.65740292
1.440000057,-55.02336011
1.419999957,-49.70893027
1.399999976,-44.71319223
1.379999995,-40.03980055
1.360000014,-35.68934282
1.340000033,-31.65191639
1.320000052,-27.93055169
1.299999952,-24.51469825
1.279999971,-21.45322564
1.25999999,-18.62238447
1.24000001,-16.1873221
1.220000029,-13.80639591
1.200000048,-11.7384849
1.179999948,-9.91994196
1.159999967,-8.319800141
1.139999986,-6.921834513
1.120000005,-5.70784866
1.100000024,-4.663237236
1.080000043,-3.787171616
1.059999943,-3.031801595
1.039999962,-2.40197867
1.019999981,-1.882412806
1,-1.469070098
0.980000019,-1.121315107
0.959999979,-0.852454144
0.939999998,-0.642389256
0.920000017,-0.480402245
0.899999976,-0.356526457
0.879999995,-0.262756386
0.860000014,-0.193293832
0.839999974,-0.137618271
0.819999993,-0.1006493
0.800000012,-0.072195759
0.779999971,-0.051276839
0.75999999,-0.035969483
0.74000001,-0.024816191
0.720000029,-0.016217226
0.699999988,-0.010560954
0.680000007,-0.006290497
0.660000026,-0.003159264
0.639999986,-0.000885935
0.620000005,0.000826919
0.600000024,0.002119447
0.579999983,0.003109474
0.560000002,0.003874281
0.540000021,0.004480598
0.519999981,0.004967932
0.5,0.0053743
0.479999989,0.005717718
0.460000008,0.006011901
0.439999998,0.006270411
0.419999987,0.006503547
0.400000006,0.006720417
0.379999995,0.006919594
0.360000014,0.007104473
0.340000004,0.007284167
0.319999993,0.00745056
0.300000012,0.007612813
0.280000001,0.007767425
0.25999999,0.007918419
0.239999995,0.008066494
0.219999999,0.008202333
0.200000003,0.008345559
0.180000007,0.008479364
0.159999996,0.008613203
0.140000001,0.008744924
0.119999997,0.008872644
0.100000001,0.009000315
0.079999998,0.00912147
0.059999999,0.009242498
0.039999999,0.009360776
0.02,0.009477773
0,0.009586858
-0.02,0.00968366
-0.039999999,0.009808042
-0.059999999,0.009910808
-0.079999998,0.010017027
-0.100000001,0.010116845
-0.119999997,0.010217062
-0.140000001,0.01031443
-0.159999996,0.010412233
-0.180000007,0.010506022
-0.200000003,0.010595971
-0.219999999,0.010690673
-0.239999995,0.01077986
-0.25999999,0.010871244
-0.280000001,0.010957827
-0.300000012,0.0110462
-0.319999993,0.011133126
-0.340000004,0.011216905
-0.360000014,0.011297863
-0.379999995,0.011382552
-0.400000006,0.011462247
-0.419999987,0.011541625
-0.439999998,0.011616732
-0.460000008,0.011696065
-0.479999989,0.011769496
-0.5,0.011845407
-0.519999981,0.011917537
-0.540000021,0.01199025
-0.560000002,0.012063317
-0.579999983,0.012130343
-0.600000024,0.012203097
-0.620000005,0.012275434
-0.639999986,0.01235122
-0.660000026,0.01242666
-0.680000007,0.012511792
-0.699999988,0.012601486
-0.720000029,0.012700363
-0.74000001,0.012824157
-0.75999999,0.012971937
-0.779999971,0.013154476
-0.800000012,0.013374684
-0.819999993,0.01367156
-0.839999974,0.013968427
-0.860000014,0.014272634
-0.879999995,0.014767987
-0.899999976,0.015234705
-0.920000017,0.0158563
-0.939999998,0.016489279
-0.959999979,0.017230625
-0.980000019,0.018177145
-1,0.019795842
-1.019999981,0.021286505
-1.039999962,0.02285907
-1.059999943,0.025105074
-1.080000043,0.026882611
-1.100000024,0.028989994
-1.120000005,0.03162569
-1.139999986,0.034893273
-1.159999967,0.038483535
-1.179999948,0.042302512
-1.200000048,0.046536498
-1.220000029,0.051865512
-1.24000001,0.05696153
-1.25999999,0.062976224
-1.279999971,0.069664438
-1.299999952,0.076766957
-1.320000052,0.085066192
-1.340000033,0.094307426
-1.360000014,0.10419631
-1.379999995,0.114517986
-1.399999976,0.127168232
-1.419999957,0.139173004
-1.440000057,0.150138985
-1.460000038,0.163452846
-1.480000019,0.176843971
-1.5,0.190847384
-1.519999981,0.204578921
-1.539999962,0.217050132
-1.559999943,0.230229208
-1.580000043,0.244407796
-1.600000024,0.25596234
-1.620000005,0.267802665
-1.639999986,0.280619906
-1.659999967,0.294671157
-1.679999948,0.303340894
-1.700000048,0.314042784
-1.720000029,0.324269827
-1.74000001,0.333415486
-1.75999999,0.340944114
-1.779999971,0.347606215
-1.799999952,0.35318071
-1.820000052,0.358523164
-1.840000033,0.361646755
-1.860000014,0.365011469
-1.879999995,0.367480936
-1.899999976,0.367539787
-1.919999957,0.368926324
-1.940000057,0.371950877
-1.960000038,0.372229428
-1.980000019,0.369856645
-2,0.368307141
-2.019999981,0.366909877
-2.039999962,0.367349311
-2.059999943,0.367224311
-2.079999924,0.366318136
-2.099999905,0.363359731
-2.119999886,0.363322807
-2.140000105,0.364336058
-2.160000086,0.363889393
-2.180000067,0.365838615
-2.200000048,0.365591911
-2.220000029,0.36726554
-2.24000001,0.366603951
-2.25999999,0.363549871
-2.279999971,0.366863973
-2.299999952,0.368761978
-2.319999933,0.371265411
-2.339999914,0.371042381
-2.359999895,0.371929892
-2.380000114,0.37084797
-2.400000095,0.372773416
-2.420000076,0.37653926
-2.440000057,0.375591216
-2.460000038,0.3762294
-2.480000019,0.379036236
-2.5,0.37832992
-2.519999981,0.377380531
-2.539999962,0.380008897
-2.559999943,0.382287888
-2.579999924,0.383810456
-2.599999905,0.383133733
-2.619999886,0.38450416
-2.640000105,0.386140294
-2.660000086,0.387144028
-2.680000067,0.39066838
-2.700000048,0.388850211
-2.720000029,0.391733757
-2.74000001,0.394402377
-2.75999999,0.394552128
-2.779999971,0.396791504
-2.799999952,0.401062359
-2.819999933,0.403577865
-2.839999914,0.403319996
-2.859999895,0.402656321
-2.880000114,0.406221263
-2.900000095,0.404926636
-2.920000076,0.411456339
-2.940000057,0.410086718
-2.960000038,0.412701632
-2.980000019,0.416316649
-3,0.413140058
-3.019999981,0.412839243
-3.039999962,0.415964012
-3.059999943,0.417721479
-3.079999924,0.417483182
-3.099999905,0.419849509
-3.119999886,0.41934137
-3.140000105,0.424487125
-3.160000086,0.425955011
-3.180000067,0.429232288
-3.200000048,0.426112665
-3.220000029,0.435392573
-3.24000001,0.433924452
-3.25999999,0.434180572
-3.279999971,0.432994063
-3.299999952,0.429433022
-3.319999933,0.435054531
-3.339999914,0.432954683
-3.359999895,0.436948366
-3.380000114,0.435900274
-3.400000095,0.434171728
-3.420000076,0.435790206
-3.440000057,0.441360094
-3.460000038,0.436008392
-3.480000019,0.437966829
-3.5,0.440414371
-3.519999981,0.444406035
-3.539999962,0.442359523
-3.559999943,0.449211462
-3.579999924,0.447758205
-3.599999905,0.443762572
-3.619999886,0.442727159
-3.640000105,0.442977227
-3.660000086,0.444813791
-3.680000067,0.450830848
-3.700000048,0.458569961
-3.720000029,0.462514141
-3.74000001,0.460071376
-3.75999999,0.466868599
-3.779999971,0.472225076
-3.799999952,0.485068479
-3.819999933,0.479419125
-3.839999914,0.489013837
-3.859999895,0.485696272
-3.880000114,0.486805636
-3.900000095,0.510482756
-3.920000076,0.485806744
-3.940000057,0.490503178
-3.960000038,0.495830431
-3.980000019,0.49517772
-4,0.514059065
-4.019999981,0.541038247
-4.039999962,0.536788948
-4.059999943,0.539681405
-4.079999924,0.535038845
-4.099999905,0.55569148
-4.119999886,0.546099996
-4.139999866,0.552726383
-4.159999847,0.572858301
-4.179999828,0.586837064
-4.199999809,0.591249768
-4.21999979,0.617523273
-4.239999771,0.642338543
-4.260000229,0.667506788
-4.28000021,0.677400799
-4.300000191,0.710122119
-4.320000172,0.718783012
-4.340000153,0.731898444
-4.360000134,0.732014465
-4.380000114,0.754654726
-4.400000095,0.784904494
-4.420000076,0.764853958
-4.440000057,0.815094804
-4.460000038,0.809547447
-4.480000019,0.839351694
-4.5,0.851303147
-4.519999981,0.875014233
-4.539999962,0.87269946
-4.559999943,0.898738704
-4.579999924,0.923808615
-4.599999905,0.941380535
-4.619999886,1.004302053
-4.639999866,0.992275135
-4.659999847,1.023958588
-4.679999828,1.081055441
-4.699999809,1.060103842
-4.71999979,1.100255962
-4.739999771,1.115159194
-4.760000229,1.165536508
-4.78000021,1.213683324
-4.800000191,1.20788442
-4.820000172,1.234233254
-4.840000153,1.271619498
-4.860000134,1.346150123
-4.880000114,1.351470549
-4.900000095,1.367851655
-4.920000076,1.410479363
-4.940000057,1.418930409
-4.960000038,1.450121327
-4.980000019,1.465135872
-5,1.539627621
-5.019999981,1.506913296
-5.039999962,1.509704664
-5.059999943,1.502222815
-5.079999924,1.565019366
-5.099999905,1.585364561
-5.119999886,1.624237893
-5.139999866,1.648067219
-5.159999847,1.651851189
-5.179999828,1.691621751
-5.199999809,1.712131326
-5.21999979,1.751905519
-5.239999771,1.805818686
-5.260000229,1.886261613
-5.28000021,1.930387978
-5.300000191,1.984820785
-5.320000172,2.048555594
-5.340000153,2.13448911
-5.360000134,2.170000453
-5.380000114,2.184605662
-5.400000095,2.233998781
-5.420000076,2.219373393
-5.440000057,2.293221747
-5.460000038,2.366097002
-5.480000019,2.39582908
-5.5,2.475779942
-5.519999981,2.516848058
-5.539999962,2.583796752
-5.559999943,2.603409367
-5.579999924,2.746463614
-5.599999905,2.77894388
-5.619999886,2.860770989
-5.639999866,2.941879507
-5.659999847,3.009159652
-5.679999828,3.033208645
-5.699999809,3.186176814
-5.71999979,3.130180244
-5.739999771,3.230526342
-5.760000229,3.285646398
-5.78000021,3.270345061
-5.800000191,3.315415871
-5.820000172,3.373130495
-5.840000153,3.461865065
-5.860000134,3.516847913
-5.880000114,3.493569166
-5.900000095,3.649685038
-5.920000076,3.878551064
-5.940000057,3.754082526
-5.960000038,3.839397937
-5.980000019,3.915152938
-6,3.898771159
-6.019999981,4.121378098
-6.039999962,4.169008233
-6.059999943,4.229909839
-6.079999924,4.331827906
-6.099999905,4.395256016
-6.119999886,4.481060262
-6.139999866,4.642770707
-6.159999847,4.66333947
-6.179999828,4.76676117
-6.199999809,4.732764896
-6.21999979,4.743295982
-6.239999771,4.919935419
-6.260000229,5.080115326
-6.28000021,5.151803332
-6.300000191,5.167814651
-6.320000172,5.30936392
-6.340000153,5.36663921
-6.360000134,5.508097546
-6.380000114,5.670227953
-6.400000095,5.666920443
-6.420000076,5.698625081
-6.440000057,6.008805707
-6.460000038,6.043717236
-6.480000019,6.087801766
-6.5,6.183663597
-6.519999981,6.301090158
-6.539999962,6.481740899
-6.559999943,6.54007511
-6.579999924,6.641954166
-6.599999905,6.56449268
-6.619999886,6.649374138
-6.639999866,267.2652678
-6.659999847,344.5378104
-6.679999828,334.7957487
-6.699999809,294.4074473
-6.71999979,350.6588831
-6.739999771,346.0852107
-6.760000229,239.2211814
-6.78000021,348.2465778
-6.800000191,357.3378947
-6.820000172,370.0472734
-6.840000153,364.9274738
-6.860000134,376.6962219
-6.880000114,362.6242976
-6.900000095,354.8645336
-6.920000076,354.7692825
-6.940000057,356.5050844
-6.960000038,365.4496332
-6.980000019,352.6601898
-7,358.3854848
-7.019999981,359.1431548
-7.039999962,349.7091613
-7.059999943,334.9009864
-7.079999924,348.8718054
-7.099999905,353.3349025
-7.119999886,347.8303105
-7.139999866,338.0693776
-7.159999847,328.9301253
-7.179999828,302.3828521
-7.199999809,331.7579748
-7.21999979,285.7147837
-7.239999771,319.914913
-7.260000229,297.3308923
-7.28000021,306.2970672
-7.300000191,289.9708662
-7.320000172,315.8689441
-7.340000153,316.6603274
-7.360000134,316.3219552
-7.380000114,327.4063139
-7.400000095,327.3269724
-7.420000076,328.8530222
-7.440000057,305.0325965
-7.460000038,323.3159566
-7.480000019,315.9071686
-7.5,319.8406336
-7.519999981,322.3237746
-7.539999962,304.1811905
-7.559999943,300.5381967
-7.579999924,296.8516752
-7.599999905,303.9838699
-7.619999886,307.52872
-7.639999866,308.6345766
-7.659999847,310.6719037
-7.679999828,313.9110618
-7.699999809,309.8713604
-7.71999979,305.0287396
-7.739999771,306.3193131
-7.760000229,308.3115286
-7.78000021,309.2455474
-7.800000191,303.3143227
-7.820000172,302.4950115
-7.840000153,300.8705425
-7.860000134,305.8447793
-7.880000114,286.7596706
-7.900000095,298.0645946
-7.920000076,293.1394641
-7.940000057,293.7346631
-7.960000038,292.777744
-7.980000019,290.2667095
-8,292.178206
-8.020000458,295.2362974
-8.039999962,295.5344823
-8.06000042,294.7207154
-8.079999924,298.9605612
-8.100000381,304.5203548
-8.119999886,294.1927363
-8.140000343,302.9820801
-8.159999847,304.1094939
-8.180000305,302.3556818
-8.199999809,299.3916018
-8.220000267,305.619944
-8.239999771,299.7548371
-8.260000229,288.9457286
-8.279999733,296.0389069
-8.300000191,299.3575786
-8.319999695,289.0255178
-8.340000153,293.9001645
-8.359999657,301.0764723
-8.380000114,296.1849862
-8.399999619,292.7773307
-8.420000076,302.8635844
-8.43999958,301.5146068
-8.460000038,301.2150444
-8.479999542,298.7275988
-8.5,295.6272884
-8.520000458,291.2641947
-8.539999962,289.4526671
-8.56000042,283.3078677
-8.579999924,277.8107828
-8.600000381,282.2900133
-8.619999886,280.2450413
-8.640000343,284.2835202
-8.659999847,281.1897871
-8.680000305,279.1488441
-8.699999809,286.5429622
-8.720000267,299.4386075
-8.739999771,294.6453341
-8.760000229,295.5068298
-8.779999733,294.1049923
-8.800000191,289.1125386
-8.819999695,289.9782701
-8.840000153,294.1978673
-8.859999657,292.2414657
-8.880000114,302.3596075
-8.899999619,303.2194848
-8.920000076,296.0859815
-8.93999958,300.0398673
-8.960000038,298.04135
-8.979999542,291.8431741
-9,284.9367273
-9.020000458,280.4789506
-9.039999962,280.4569285
-9.06000042,273.9577956
-9.079999924,277.7916361
-9.100000381,286.4155475
-9.119999886,293.016285
-9.140000343,286.4159091
-9.159999847,285.8586762
-9.180000305,280.4234219
-9.199999809,279.0557797
-9.220000267,284.9672724
-9.239999771,274.0082966
-9.260000229,276.7163419
-9.279999733,272.8564847
-9.300000191,272.4080881
-9.319999695,261.9273653
-9.340000153,265.6838616
-9.359999657,252.8018359
-9.380000114,258.9652998
-9.399999619,250.324308
-9.420000076,245.0430017
-9.43999958,252.4639802
-9.460000038,248.6271265
-9.479999542,264.1790075
-9.5,262.823573
-9.520000458,263.813947
-9.539999962,257.7678424
-9.56000042,259.1936821
-9.579999924,255.3163657
-9.600000381,251.4946296
-9.619999886,251.7327574
-9.640000343,252.8097563
-9.659999847,253.3949515
-9.680000305,248.7175566
-9.699999809,253.2990461
-9.720000267,250.8780628
-9.739999771,249.7827093
-9.760000229,245.4543791
-9.779999733,252.1896597
-9.800000191,253.8341191
-9.819999695,251.6907105
-9.840000153,261.0831566
-9.859999657,252.0671005
-9.880000114,248.4562014
-9.899999619,247.5185323
-9.920000076,244.630419
-9.93999958,246.5097003
-9.960000038,251.2575865
-9.979999542,249.9713003
-10,253.5573192
