V,J,SourceFile,HTL,Electrode,StressMode,StressVoltage,StressDuration_s
1.200000048,-29.97791164,MeO2PACz_Ag_15h_0p8V.csv,MeO2PACz,Ag,constant,0.8,54000.0
1.179999948,-29.97722035,MeO2PACz_Ag_15h_0p8V.csv,MeO2PACz,Ag,constant,0.8,54000.0
1.159999967,-25.31680663,MeO2PACz_Ag_15h_0p8V.csv,MeO2PACz,Ag,constant,0.8,54000.0
1.139999986,-13.36357244,MeO2PACz_Ag_15h_0p8V.csv,MeO2PACz,Ag,constant,0.8,54000.0
1.120000005,-4.027651483,MeO2PACz_Ag_15h_0p8V.csv,MeO2PACz,Ag,constant,0.8,54000.0
1.100000024,2.357574978,MeO2PACz_Ag_15h_0p8V.csv,MeO2PACz,Ag,constant,0.8,54000.0
1.080000043,6.775475155,MeO2PACz_Ag_15h_0p8V.csv,MeO2PACz,Ag,constant,0.8,54000.0
1.059999943,9.796771597,MeO2PACz_Ag_15h_0p8V.csv,MeO2PACz,Ag,constant,0.8,54000.0
1.039999962,11.91428407,MeO2PACz_Ag_15h_0p8V.csv,MeO2PACz,Ag,constant,0.8,54000.0
1.019999981,13.49733315,MeO2PACz_Ag_15h_0p8V.csv,MeO2PACz,Ag,constant,0.8,54000.0
1.0,14.7664141,MeO2PACz_Ag_15h_0p8V.csv,MeO2PACz,Ag,constant,0.8,54000.0
0.980000019,15.83026032,MeO2PACz_Ag_15h_0p8V.csv,MeO2PACz,Ag,constant,0.8,54000.0
0.959999979,16.73935978,MeO2PACz_Ag_15h_0p8V.csv,MeO2PACz,Ag,constant,0.8,54000.0
0.939999998,17.50771451,MeO2PACz_Ag_15h_0p8V.csv,MeO2PACz,Ag,constant,0.8,54000.0
0.920000017,18.13896643,MeO2PACz_Ag_15h_0p8V.csv,MeO2PACz,Ag,constant,0.8,54000.0
0.899999976,18.64431212,MeO2PACz_Ag_15h_0p8V.csv,MeO2PACz,Ag,constant,0.8,54000.0
0.879999995,19.0423202,MeO2PACz_Ag_15h_0p8V.csv,MeO2PACz,Ag,constant,0.8,54000.0
0.860000014,19.34771201,MeO2PACz_Ag_15h_0p8V.csv,MeO2PACz,Ag,constant,0.8,54000.0
0.839999974,19.58107426,MeO2PACz_Ag_15h_0p8V.csv,MeO2PACz,Ag,constant,0.8,54000.0
0.819999993,19.75745333,MeO2PACz_Ag_15h_0p8V.csv,MeO2PACz,Ag,constant,0.8,54000.0
0.800000012,19.88896666,MeO2PACz_Ag_15h_0p8V.csv,MeO2PACz,Ag,constant,0.8,54000.0
0.779999971,19.98854553,MeO2PACz_Ag_15h_0p8V.csv,MeO2PACz,Ag,constant,0.8,54000.0
0.75999999,20.06404693,MeO2PACz_Ag_15h_0p8V.csv,MeO2PACz,Ag,constant,0.8,54000.0
0.74000001,20.11391762,MeO2PACz_Ag_15h_0p8V.csv,MeO2PACz,Ag,constant,0.8,54000.0
0.720000029,20.16711276,MeO2PACz_Ag_15h_0p8V.csv,MeO2PACz,Ag,constant,0.8,54000.0
0.699999988,20.19139304,MeO2PACz_Ag_15h_0p8V.csv,MeO2PACz,Ag,constant,0.8,54000.0
0.680000007,20.21671008,MeO2PACz_Ag_15h_0p8V.csv,MeO2PACz,Ag,constant,0.8,54000.0
0.660000026,20.23901886,MeO2PACz_Ag_15h_0p8V.csv,MeO2PACz,Ag,constant,0.8,54000.0
0.639999986,20.25714782,MeO2PACz_Ag_15h_0p8V.csv,MeO2PACz,Ag,constant,0.8,54000.0
0.620000005,20.27233149,MeO2PACz_Ag_15h_0p8V.csv,MeO2PACz,Ag,constant,0.8,54000.0
0.600000024,20.28588002,MeO2PACz_Ag_15h_0p8V.csv,MeO2PACz,Ag,constant,0.8,54000.0
0.579999983,20.29560146,MeO2PACz_Ag_15h_0p8V.csv,MeO2PACz,Ag,constant,0.8,54000.0
0.560000002,20.30604598,MeO2PACz_Ag_15h_0p8V.csv,MeO2PACz,Ag,constant,0.8,54000.0
0.540000021,20.31426832,MeO2PACz_Ag_15h_0p8V.csv,MeO2PACz,Ag,constant,0.8,54000.0
0.519999981,20.32077111,MeO2PACz_Ag_15h_0p8V.csv,MeO2PACz,Ag,constant,0.8,54000.0
0.5,20.32748302,MeO2PACz_Ag_15h_0p8V.csv,MeO2PACz,Ag,constant,0.8,54000.0
0.479999989,20.335917,MeO2PACz_Ag_15h_0p8V.csv,MeO2PACz,Ag,constant,0.8,54000.0
0.460000008,20.3402102,MeO2PACz_Ag_15h_0p8V.csv,MeO2PACz,Ag,constant,0.8,54000.0
0.439999998,20.34604532,MeO2PACz_Ag_15h_0p8V.csv,MeO2PACz,Ag,constant,0.8,54000.0
0.419999987,20.35137278,MeO2PACz_Ag_15h_0p8V.csv,MeO2PACz,Ag,constant,0.8,54000.0
0.400000006,20.35692194,MeO2PACz_Ag_15h_0p8V.csv,MeO2PACz,Ag,constant,0.8,54000.0
0.379999995,20.36278856,MeO2PACz_Ag_15h_0p8V.csv,MeO2PACz,Ag,constant,0.8,54000.0
0.360000014,20.36869927,MeO2PACz_Ag_15h_0p8V.csv,MeO2PACz,Ag,constant,0.8,54000.0
0.340000004,20.37563416,MeO2PACz_Ag_15h_0p8V.csv,MeO2PACz,Ag,constant,0.8,54000.0
0.319999993,20.37957715,MeO2PACz_Ag_15h_0p8V.csv,MeO2PACz,Ag,constant,0.8,54000.0
0.300000012,20.38463376,MeO2PACz_Ag_15h_0p8V.csv,MeO2PACz,Ag,constant,0.8,54000.0
0.280000001,20.3887317,MeO2PACz_Ag_15h_0p8V.csv,MeO2PACz,Ag,constant,0.8,54000.0
0.25999999,20.39387901,MeO2PACz_Ag_15h_0p8V.csv,MeO2PACz,Ag,constant,0.8,54000.0
0.239999995,20.39820874,MeO2PACz_Ag_15h_0p8V.csv,MeO2PACz,Ag,constant,0.8,54000.0
0.219999999,20.40240116,MeO2PACz_Ag_15h_0p8V.csv,MeO2PACz,Ag,constant,0.8,54000.0
0.200000003,20.40796293,MeO2PACz_Ag_15h_0p8V.csv,MeO2PACz,Ag,constant,0.8,54000.0
0.180000007,20.41215913,MeO2PACz_Ag_15h_0p8V.csv,MeO2PACz,Ag,constant,0.8,54000.0
0.159999996,20.41633392,MeO2PACz_Ag_15h_0p8V.csv,MeO2PACz,Ag,constant,0.8,54000.0
0.140000001,20.41992292,MeO2PACz_Ag_15h_0p8V.csv,MeO2PACz,Ag,constant,0.8,54000.0
0.119999997,20.42460413,MeO2PACz_Ag_15h_0p8V.csv,MeO2PACz,Ag,constant,0.8,54000.0
0.100000001,20.42891119,MeO2PACz_Ag_15h_0p8V.csv,MeO2PACz,Ag,constant,0.8,54000.0
0.079999998,20.43266522,MeO2PACz_Ag_15h_0p8V.csv,MeO2PACz,Ag,constant,0.8,54000.0
0.059999999,20.43728217,MeO2PACz_Ag_15h_0p8V.csv,MeO2PACz,Ag,constant,0.8,54000.0
0.039999999,20.44137634,MeO2PACz_Ag_15h_0p8V.csv,MeO2PACz,Ag,constant,0.8,54000.0
0.02,20.44488976,MeO2PACz_Ag_15h_0p8V.csv,MeO2PACz,Ag,constant,0.8,54000.0
0.0,20.45107887,MeO2PACz_Ag_15h_0p8V.csv,MeO2PACz,Ag,constant,0.8,54000.0
-0.02,20.45491227,MeO2PACz_Ag_15h_0p8V.csv,MeO2PACz,Ag,constant,0.8,54000.0
-0.039999999,20.4587507,MeO2PACz_Ag_15h_0p8V.csv,MeO2PACz,Ag,constant,0.8,54000.0
-0.059999999,20.4633664,MeO2PACz_Ag_15h_0p8V.csv,MeO2PACz,Ag,constant,0.8,54000.0
-0.079999998,20.46789014,MeO2PACz_Ag_15h_0p8V.csv,MeO2PACz,Ag,constant,0.8,54000.0
-0.100000001,20.47122593,MeO2PACz_Ag_15h_0p8V.csv,MeO2PACz,Ag,constant,0.8,54000.0
-0.119999997,20.47585423,MeO2PACz_Ag_15h_0p8V.csv,MeO2PACz,Ag,constant,0.8,54000.0
-0.140000001,20.47782069,MeO2PACz_Ag_15h_0p8V.csv,MeO2PACz,Ag,constant,0.8,54000.0
-0.159999996,20.4830209,MeO2PACz_Ag_15h_0p8V.csv,MeO2PACz,Ag,constant,0.8,54000.0
-0.180000007,20.48562857,MeO2PACz_Ag_15h_0p8V.csv,MeO2PACz,Ag,constant,0.8,54000.0
-0.200000003,20.48032883,MeO2PACz_Ag_15h_0p8V.csv,MeO2PACz,Ag,constant,0.8,54000.0
1.200000048,-29.97809154,MeO2PACz_Ag_15h_1p5V.csv,MeO2PACz,Ag,constant,1.5,54000.0
1.179999948,-29.97832539,MeO2PACz_Ag_15h_1p5V.csv,MeO2PACz,Ag,constant,1.5,54000.0
1.159999967,-29.97727688,MeO2PACz_Ag_15h_1p5V.csv,MeO2PACz,Ag,constant,1.5,54000.0
1.139999986,-29.97616156,MeO2PACz_Ag_15h_1p5V.csv,MeO2PACz,Ag,constant,1.5,54000.0
1.120000005,-29.97797846,MeO2PACz_Ag_15h_1p5V.csv,MeO2PACz,Ag,constant,1.5,54000.0
1.100000024,-29.97852841,MeO2PACz_Ag_15h_1p5V.csv,MeO2PACz,Ag,constant,1.5,54000.0
1.080000043,-29.97733342,MeO2PACz_Ag_15h_1p5V.csv,MeO2PACz,Ag,constant,1.5,54000.0
1.059999943,-29.97741566,MeO2PACz_Ag_15h_1p5V.csv,MeO2PACz,Ag,constant,1.5,54000.0
1.039999962,-29.97731029,MeO2PACz_Ag_15h_1p5V.csv,MeO2PACz,Ag,constant,1.5,54000.0
1.019999981,-29.97649564,MeO2PACz_Ag_15h_1p5V.csv,MeO2PACz,Ag,constant,1.5,54000.0
1.0,-29.97459651,MeO2PACz_Ag_15h_1p5V.csv,MeO2PACz,Ag,constant,1.5,54000.0
0.980000019,-29.97651877,MeO2PACz_Ag_15h_1p5V.csv,MeO2PACz,Ag,constant,1.5,54000.0
0.959999979,-29.9761924,MeO2PACz_Ag_15h_1p5V.csv,MeO2PACz,Ag,constant,1.5,54000.0
0.939999998,-29.97678347,MeO2PACz_Ag_15h_1p5V.csv,MeO2PACz,Ag,constant,1.5,54000.0
0.920000017,-29.97641084,MeO2PACz_Ag_15h_1p5V.csv,MeO2PACz,Ag,constant,1.5,54000.0
0.899999976,-29.97403884,MeO2PACz_Ag_15h_1p5V.csv,MeO2PACz,Ag,constant,1.5,54000.0
0.879999995,-29.97427784,MeO2PACz_Ag_15h_1p5V.csv,MeO2PACz,Ag,constant,1.5,54000.0
0.860000014,-29.97520043,MeO2PACz_Ag_15h_1p5V.csv,MeO2PACz,Ag,constant,1.5,54000.0
0.839999974,-29.97527238,MeO2PACz_Ag_15h_1p5V.csv,MeO2PACz,Ag,constant,1.5,54000.0
0.819999993,-29.97520814,MeO2PACz_Ag_15h_1p5V.csv,MeO2PACz,Ag,constant,1.5,54000.0
0.800000012,-29.97459908,MeO2PACz_Ag_15h_1p5V.csv,MeO2PACz,Ag,constant,1.5,54000.0
0.779999971,-29.974247,MeO2PACz_Ag_15h_1p5V.csv,MeO2PACz,Ag,constant,1.5,54000.0
0.75999999,-29.9742984,MeO2PACz_Ag_15h_1p5V.csv,MeO2PACz,Ag,constant,1.5,54000.0
0.74000001,-29.97430354,MeO2PACz_Ag_15h_1p5V.csv,MeO2PACz,Ag,constant,1.5,54000.0
0.720000029,-29.97371504,MeO2PACz_Ag_15h_1p5V.csv,MeO2PACz,Ag,constant,1.5,54000.0
0.699999988,-29.97295179,MeO2PACz_Ag_15h_1p5V.csv,MeO2PACz,Ag,constant,1.5,54000.0
0.680000007,-29.97451684,MeO2PACz_Ag_15h_1p5V.csv,MeO2PACz,Ag,constant,1.5,54000.0
0.660000026,-29.97347347,MeO2PACz_Ag_15h_1p5V.csv,MeO2PACz,Ag,constant,1.5,54000.0
0.639999986,-29.97148439,MeO2PACz_Ag_15h_1p5V.csv,MeO2PACz,Ag,constant,1.5,54000.0
0.620000005,-29.97193669,MeO2PACz_Ag_15h_1p5V.csv,MeO2PACz,Ag,constant,1.5,54000.0
0.600000024,-29.97215512,MeO2PACz_Ag_15h_1p5V.csv,MeO2PACz,Ag,constant,1.5,54000.0
0.579999983,-29.97265882,MeO2PACz_Ag_15h_1p5V.csv,MeO2PACz,Ag,constant,1.5,54000.0
0.560000002,-29.97115801,MeO2PACz_Ag_15h_1p5V.csv,MeO2PACz,Ag,constant,1.5,54000.0
0.540000021,-29.97159746,MeO2PACz_Ag_15h_1p5V.csv,MeO2PACz,Ag,constant,1.5,54000.0
0.519999981,-29.97260485,MeO2PACz_Ag_15h_1p5V.csv,MeO2PACz,Ag,constant,1.5,54000.0
0.5,-29.97169255,MeO2PACz_Ag_15h_1p5V.csv,MeO2PACz,Ag,constant,1.5,54000.0
0.479999989,-29.96853417,MeO2PACz_Ag_15h_1p5V.csv,MeO2PACz,Ag,constant,1.5,54000.0
0.460000008,-29.97144841,MeO2PACz_Ag_15h_1p5V.csv,MeO2PACz,Ag,constant,1.5,54000.0
0.439999998,-29.97047186,MeO2PACz_Ag_15h_1p5V.csv,MeO2PACz,Ag,constant,1.5,54000.0
0.419999987,-29.97182618,MeO2PACz_Ag_15h_1p5V.csv,MeO2PACz,Ag,constant,1.5,54000.0
0.400000006,-29.96833115,MeO2PACz_Ag_15h_1p5V.csv,MeO2PACz,Ag,constant,1.5,54000.0
0.379999995,-29.96868065,MeO2PACz_Ag_15h_1p5V.csv,MeO2PACz,Ag,constant,1.5,54000.0
0.360000014,-29.96940279,MeO2PACz_Ag_15h_1p5V.csv,MeO2PACz,Ag,constant,1.5,54000.0
0.340000004,-29.96801506,MeO2PACz_Ag_15h_1p5V.csv,MeO2PACz,Ag,constant,1.5,54000.0
0.319999993,-29.96884513,MeO2PACz_Ag_15h_1p5V.csv,MeO2PACz,Ag,constant,1.5,54000.0
0.300000012,-29.96855216,MeO2PACz_Ag_15h_1p5V.csv,MeO2PACz,Ag,constant,1.5,54000.0
0.280000001,-29.96849048,MeO2PACz_Ag_15h_1p5V.csv,MeO2PACz,Ag,constant,1.5,54000.0
0.25999999,-29.96805103,MeO2PACz_Ag_15h_1p5V.csv,MeO2PACz,Ag,constant,1.5,54000.0
0.239999995,-29.9681307,MeO2PACz_Ag_15h_1p5V.csv,MeO2PACz,Ag,constant,1.5,54000.0
0.219999999,-29.96624184,MeO2PACz_Ag_15h_1p5V.csv,MeO2PACz,Ag,constant,1.5,54000.0
0.200000003,-29.96655794,MeO2PACz_Ag_15h_1p5V.csv,MeO2PACz,Ag,constant,1.5,54000.0
0.180000007,-29.96659392,MeO2PACz_Ag_15h_1p5V.csv,MeO2PACz,Ag,constant,1.5,54000.0
0.159999996,-29.96497746,MeO2PACz_Ag_15h_1p5V.csv,MeO2PACz,Ag,constant,1.5,54000.0
0.140000001,-24.6223237,MeO2PACz_Ag_15h_1p5V.csv,MeO2PACz,Ag,constant,1.5,54000.0
0.119999997,-19.05534044,MeO2PACz_Ag_15h_1p5V.csv,MeO2PACz,Ag,constant,1.5,54000.0
0.100000001,-13.36663636,MeO2PACz_Ag_15h_1p5V.csv,MeO2PACz,Ag,constant,1.5,54000.0
0.079999998,-7.788694508,MeO2PACz_Ag_15h_1p5V.csv,MeO2PACz,Ag,constant,1.5,54000.0
0.059999999,-2.218200157,MeO2PACz_Ag_15h_1p5V.csv,MeO2PACz,Ag,constant,1.5,54000.0
0.039999999,3.458064452,MeO2PACz_Ag_15h_1p5V.csv,MeO2PACz,Ag,constant,1.5,54000.0
0.02,9.125944846,MeO2PACz_Ag_15h_1p5V.csv,MeO2PACz,Ag,constant,1.5,54000.0
0.0,14.83246587,MeO2PACz_Ag_15h_1p5V.csv,MeO2PACz,Ag,constant,1.5,54000.0
-0.02,20.55629758,MeO2PACz_Ag_15h_1p5V.csv,MeO2PACz,Ag,constant,1.5,54000.0
-0.039999999,26.2684749,MeO2PACz_Ag_15h_1p5V.csv,MeO2PACz,Ag,constant,1.5,54000.0
-0.059999999,30.00241283,MeO2PACz_Ag_15h_1p5V.csv,MeO2PACz,Ag,constant,1.5,54000.0
-0.079999998,30.00240512,MeO2PACz_Ag_15h_1p5V.csv,MeO2PACz,Ag,constant,1.5,54000.0
-0.100000001,30.00241283,MeO2PACz_Ag_15h_1p5V.csv,MeO2PACz,Ag,constant,1.5,54000.0
-0.119999997,30.00255931,MeO2PACz_Ag_15h_1p5V.csv,MeO2PACz,Ag,constant,1.5,54000.0
-0.140000001,30.00240769,MeO2PACz_Ag_15h_1p5V.csv,MeO2PACz,Ag,constant,1.5,54000.0
-0.159999996,30.00248222,MeO2PACz_Ag_15h_1p5V.csv,MeO2PACz,Ag,constant,1.5,54000.0
-0.180000007,30.00238456,MeO2PACz_Ag_15h_1p5V.csv,MeO2PACz,Ag,constant,1.5,54000.0
-0.200000003,30.00255417,MeO2PACz_Ag_15h_1p5V.csv,MeO2PACz,Ag,constant,1.5,54000.0
1.200000048,-29.97971056,MeO2PACz_Ag_1h_0p8V.csv,MeO2PACz,Ag,constant,0.8,3600.0
1.179999948,-29.97990587,MeO2PACz_Ag_1h_0p8V.csv,MeO2PACz,Ag,constant,0.8,3600.0
1.159999967,-29.98162511,MeO2PACz_Ag_1h_0p8V.csv,MeO2PACz,Ag,constant,0.8,3600.0
1.139999986,-29.98072309,MeO2PACz_Ag_1h_0p8V.csv,MeO2PACz,Ag,constant,0.8,3600.0
1.120000005,-24.79659204,MeO2PACz_Ag_1h_0p8V.csv,MeO2PACz,Ag,constant,0.8,3600.0
1.100000024,-15.86234571,MeO2PACz_Ag_1h_0p8V.csv,MeO2PACz,Ag,constant,0.8,3600.0
1.080000043,-8.741117681,MeO2PACz_Ag_1h_0p8V.csv,MeO2PACz,Ag,constant,0.8,3600.0
1.059999943,-3.439132507,MeO2PACz_Ag_1h_0p8V.csv,MeO2PACz,Ag,constant,0.8,3600.0
1.039999962,0.963177536,MeO2PACz_Ag_1h_0p8V.csv,MeO2PACz,Ag,constant,0.8,3600.0
1.019999981,4.236453465,MeO2PACz_Ag_1h_0p8V.csv,MeO2PACz,Ag,constant,0.8,3600.0
1.0,6.720870471,MeO2PACz_Ag_1h_0p8V.csv,MeO2PACz,Ag,constant,0.8,3600.0
0.980000019,8.68157754,MeO2PACz_Ag_1h_0p8V.csv,MeO2PACz,Ag,constant,0.8,3600.0
0.959999979,10.31087807,MeO2PACz_Ag_1h_0p8V.csv,MeO2PACz,Ag,constant,0.8,3600.0
0.939999998,11.62973132,MeO2PACz_Ag_1h_0p8V.csv,MeO2PACz,Ag,constant,0.8,3600.0
0.920000017,12.72368713,MeO2PACz_Ag_1h_0p8V.csv,MeO2PACz,Ag,constant,0.8,3600.0
0.899999976,13.62041919,MeO2PACz_Ag_1h_0p8V.csv,MeO2PACz,Ag,constant,0.8,3600.0
0.879999995,14.38607479,MeO2PACz_Ag_1h_0p8V.csv,MeO2PACz,Ag,constant,0.8,3600.0
0.860000014,15.00208274,MeO2PACz_Ag_1h_0p8V.csv,MeO2PACz,Ag,constant,0.8,3600.0
0.839999974,15.53899894,MeO2PACz_Ag_1h_0p8V.csv,MeO2PACz,Ag,constant,0.8,3600.0
0.819999993,15.94468964,MeO2PACz_Ag_1h_0p8V.csv,MeO2PACz,Ag,constant,0.8,3600.0
0.800000012,16.26445143,MeO2PACz_Ag_1h_0p8V.csv,MeO2PACz,Ag,constant,0.8,3600.0
0.779999971,16.53289411,MeO2PACz_Ag_1h_0p8V.csv,MeO2PACz,Ag,constant,0.8,3600.0
0.75999999,16.77897888,MeO2PACz_Ag_1h_0p8V.csv,MeO2PACz,Ag,constant,0.8,3600.0
0.74000001,16.98909569,MeO2PACz_Ag_1h_0p8V.csv,MeO2PACz,Ag,constant,0.8,3600.0
0.720000029,17.17804701,MeO2PACz_Ag_1h_0p8V.csv,MeO2PACz,Ag,constant,0.8,3600.0
0.699999988,17.3246802,MeO2PACz_Ag_1h_0p8V.csv,MeO2PACz,Ag,constant,0.8,3600.0
0.680000007,17.47054629,MeO2PACz_Ag_1h_0p8V.csv,MeO2PACz,Ag,constant,0.8,3600.0
0.660000026,17.64440859,MeO2PACz_Ag_1h_0p8V.csv,MeO2PACz,Ag,constant,0.8,3600.0
0.639999986,17.77837872,MeO2PACz_Ag_1h_0p8V.csv,MeO2PACz,Ag,constant,0.8,3600.0
0.620000005,17.90112493,MeO2PACz_Ag_1h_0p8V.csv,MeO2PACz,Ag,constant,0.8,3600.0
0.600000024,17.7843858,MeO2PACz_Ag_1h_0p8V.csv,MeO2PACz,Ag,constant,0.8,3600.0
0.579999983,18.09677591,MeO2PACz_Ag_1h_0p8V.csv,MeO2PACz,Ag,constant,0.8,3600.0
0.560000002,18.18885581,MeO2PACz_Ag_1h_0p8V.csv,MeO2PACz,Ag,constant,0.8,3600.0
0.540000021,18.29696915,MeO2PACz_Ag_1h_0p8V.csv,MeO2PACz,Ag,constant,0.8,3600.0
0.519999981,18.38690577,MeO2PACz_Ag_1h_0p8V.csv,MeO2PACz,Ag,constant,0.8,3600.0
0.5,18.49272036,MeO2PACz_Ag_1h_0p8V.csv,MeO2PACz,Ag,constant,0.8,3600.0
0.479999989,18.59859791,MeO2PACz_Ag_1h_0p8V.csv,MeO2PACz,Ag,constant,0.8,3600.0
0.460000008,18.68500352,MeO2PACz_Ag_1h_0p8V.csv,MeO2PACz,Ag,constant,0.8,3600.0
0.439999998,18.80039603,MeO2PACz_Ag_1h_0p8V.csv,MeO2PACz,Ag,constant,0.8,3600.0
0.419999987,18.89609688,MeO2PACz_Ag_1h_0p8V.csv,MeO2PACz,Ag,constant,0.8,3600.0
0.400000006,18.98127666,MeO2PACz_Ag_1h_0p8V.csv,MeO2PACz,Ag,constant,0.8,3600.0
0.379999995,19.07272051,MeO2PACz_Ag_1h_0p8V.csv,MeO2PACz,Ag,constant,0.8,3600.0
0.360000014,19.15018295,MeO2PACz_Ag_1h_0p8V.csv,MeO2PACz,Ag,constant,0.8,3600.0
0.340000004,19.24934414,MeO2PACz_Ag_1h_0p8V.csv,MeO2PACz,Ag,constant,0.8,3600.0
0.319999993,19.33717474,MeO2PACz_Ag_1h_0p8V.csv,MeO2PACz,Ag,constant,0.8,3600.0
0.300000012,19.42687365,MeO2PACz_Ag_1h_0p8V.csv,MeO2PACz,Ag,constant,0.8,3600.0
0.280000001,19.51397955,MeO2PACz_Ag_1h_0p8V.csv,MeO2PACz,Ag,constant,0.8,3600.0
0.25999999,19.58539765,MeO2PACz_Ag_1h_0p8V.csv,MeO2PACz,Ag,constant,0.8,3600.0
0.239999995,19.67184695,MeO2PACz_Ag_1h_0p8V.csv,MeO2PACz,Ag,constant,0.8,3600.0
0.219999999,19.75943727,MeO2PACz_Ag_1h_0p8V.csv,MeO2PACz,Ag,constant,0.8,3600.0
0.200000003,19.82623731,MeO2PACz_Ag_1h_0p8V.csv,MeO2PACz,Ag,constant,0.8,3600.0
0.180000007,19.90237241,MeO2PACz_Ag_1h_0p8V.csv,MeO2PACz,Ag,constant,0.8,3600.0
0.159999996,19.98867908,MeO2PACz_Ag_1h_0p8V.csv,MeO2PACz,Ag,constant,0.8,3600.0
0.140000001,20.07867224,MeO2PACz_Ag_1h_0p8V.csv,MeO2PACz,Ag,constant,0.8,3600.0
0.119999997,20.15653559,MeO2PACz_Ag_1h_0p8V.csv,MeO2PACz,Ag,constant,0.8,3600.0
0.100000001,20.24045227,MeO2PACz_Ag_1h_0p8V.csv,MeO2PACz,Ag,constant,0.8,3600.0
0.079999998,20.32344638,MeO2PACz_Ag_1h_0p8V.csv,MeO2PACz,Ag,constant,0.8,3600.0
0.059999999,20.40295316,MeO2PACz_Ag_1h_0p8V.csv,MeO2PACz,Ag,constant,0.8,3600.0
0.039999999,20.48606162,MeO2PACz_Ag_1h_0p8V.csv,MeO2PACz,Ag,constant,0.8,3600.0
0.02,20.56964037,MeO2PACz_Ag_1h_0p8V.csv,MeO2PACz,Ag,constant,0.8,3600.0
0.0,20.65408516,MeO2PACz_Ag_1h_0p8V.csv,MeO2PACz,Ag,constant,0.8,3600.0
-0.02,20.7410947,MeO2PACz_Ag_1h_0p8V.csv,MeO2PACz,Ag,constant,0.8,3600.0
-0.039999999,20.83004834,MeO2PACz_Ag_1h_0p8V.csv,MeO2PACz,Ag,constant,0.8,3600.0
-0.059999999,20.92648931,MeO2PACz_Ag_1h_0p8V.csv,MeO2PACz,Ag,constant,0.8,3600.0
-0.079999998,21.02270542,MeO2PACz_Ag_1h_0p8V.csv,MeO2PACz,Ag,constant,0.8,3600.0
-0.100000001,21.12356657,MeO2PACz_Ag_1h_0p8V.csv,MeO2PACz,Ag,constant,0.8,3600.0
-0.119999997,21.2169057,MeO2PACz_Ag_1h_0p8V.csv,MeO2PACz,Ag,constant,0.8,3600.0
-0.140000001,21.34268693,MeO2PACz_Ag_1h_0p8V.csv,MeO2PACz,Ag,constant,0.8,3600.0
-0.159999996,21.45751664,MeO2PACz_Ag_1h_0p8V.csv,MeO2PACz,Ag,constant,0.8,3600.0
-0.180000007,21.56565568,MeO2PACz_Ag_1h_0p8V.csv,MeO2PACz,Ag,constant,0.8,3600.0
-0.200000003,21.68107903,MeO2PACz_Ag_1h_0p8V.csv,MeO2PACz,Ag,constant,0.8,3600.0
1.200000048,-29.97660358,MeO2PACz_Ag_stepstress_0p2V.csv,MeO2PACz,Ag,stepstress,0.2,
1.179999948,-19.64411304,MeO2PACz_Ag_stepstress_0p2V.csv,MeO2PACz,Ag,stepstress,0.2,
1.159999967,-11.27849078,MeO2PACz_Ag_stepstress_0p2V.csv,MeO2PACz,Ag,stepstress,0.2,
1.139999986,-4.728712344,MeO2PACz_Ag_stepstress_0p2V.csv,MeO2PACz,Ag,stepstress,0.2,
1.120000005,-0.441890065,MeO2PACz_Ag_stepstress_0p2V.csv,MeO2PACz,Ag,stepstress,0.2,
1.100000024,4.432825291,MeO2PACz_Ag_stepstress_0p2V.csv,MeO2PACz,Ag,stepstress,0.2,
1.080000043,7.859889194,MeO2PACz_Ag_stepstress_0p2V.csv,MeO2PACz,Ag,stepstress,0.2,
1.059999943,10.37477546,MeO2PACz_Ag_stepstress_0p2V.csv,MeO2PACz,Ag,stepstress,0.2,
1.039999962,12.25042115,MeO2PACz_Ag_stepstress_0p2V.csv,MeO2PACz,Ag,stepstress,0.2,
1.019999981,13.70105996,MeO2PACz_Ag_stepstress_0p2V.csv,MeO2PACz,Ag,stepstress,0.2,
1.0,14.8753856,MeO2PACz_Ag_stepstress_0p2V.csv,MeO2PACz,Ag,stepstress,0.2,
0.980000019,15.8577668,MeO2PACz_Ag_stepstress_0p2V.csv,MeO2PACz,Ag,stepstress,0.2,
0.959999979,16.70351255,MeO2PACz_Ag_stepstress_0p2V.csv,MeO2PACz,Ag,stepstress,0.2,
0.939999998,17.42628476,MeO2PACz_Ag_stepstress_0p2V.csv,MeO2PACz,Ag,stepstress,0.2,
0.920000017,18.03712758,MeO2PACz_Ag_stepstress_0p2V.csv,MeO2PACz,Ag,stepstress,0.2,
0.899999976,18.53656131,MeO2PACz_Ag_stepstress_0p2V.csv,MeO2PACz,Ag,stepstress,0.2,
0.879999995,18.93761166,MeO2PACz_Ag_stepstress_0p2V.csv,MeO2PACz,Ag,stepstress,0.2,
0.860000014,19.25333462,MeO2PACz_Ag_stepstress_0p2V.csv,MeO2PACz,Ag,stepstress,0.2,
0.839999974,19.49693984,MeO2PACz_Ag_stepstress_0p2V.csv,MeO2PACz,Ag,stepstress,0.2,
0.819999993,19.685066,MeO2PACz_Ag_stepstress_0p2V.csv,MeO2PACz,Ag,stepstress,0.2,
0.800000012,19.82919062,MeO2PACz_Ag_stepstress_0p2V.csv,MeO2PACz,Ag,stepstress,0.2,
0.779999971,19.93945714,MeO2PACz_Ag_stepstress_0p2V.csv,MeO2PACz,Ag,stepstress,0.2,
0.75999999,20.02343661,MeO2PACz_Ag_stepstress_0p2V.csv,MeO2PACz,Ag,stepstress,0.2,
0.74000001,20.08693645,MeO2PACz_Ag_stepstress_0p2V.csv,MeO2PACz,Ag,stepstress,0.2,
0.720000029,20.13660684,MeO2PACz_Ag_stepstress_0p2V.csv,MeO2PACz,Ag,stepstress,0.2,
0.699999988,20.17544722,MeO2PACz_Ag_stepstress_0p2V.csv,MeO2PACz,Ag,stepstress,0.2,
0.680000007,20.20548452,MeO2PACz_Ag_stepstress_0p2V.csv,MeO2PACz,Ag,stepstress,0.2,
0.660000026,20.22943096,MeO2PACz_Ag_stepstress_0p2V.csv,MeO2PACz,Ag,stepstress,0.2,
0.639999986,20.2481583,MeO2PACz_Ag_stepstress_0p2V.csv,MeO2PACz,Ag,stepstress,0.2,
0.620000005,20.26224725,MeO2PACz_Ag_stepstress_0p2V.csv,MeO2PACz,Ag,stepstress,0.2,
0.600000024,20.27379405,MeO2PACz_Ag_stepstress_0p2V.csv,MeO2PACz,Ag,stepstress,0.2,
0.579999983,20.28447793,MeO2PACz_Ag_stepstress_0p2V.csv,MeO2PACz,Ag,stepstress,0.2,
0.560000002,20.29148462,MeO2PACz_Ag_stepstress_0p2V.csv,MeO2PACz,Ag,stepstress,0.2,
0.540000021,20.29837541,MeO2PACz_Ag_stepstress_0p2V.csv,MeO2PACz,Ag,stepstress,0.2,
0.519999981,20.30564664,MeO2PACz_Ag_stepstress_0p2V.csv,MeO2PACz,Ag,stepstress,0.2,
0.5,20.31107865,MeO2PACz_Ag_stepstress_0p2V.csv,MeO2PACz,Ag,stepstress,0.2,
0.479999989,20.31608109,MeO2PACz_Ag_stepstress_0p2V.csv,MeO2PACz,Ag,stepstress,0.2,
0.460000008,20.32013368,MeO2PACz_Ag_stepstress_0p2V.csv,MeO2PACz,Ag,stepstress,0.2,
0.439999998,20.32429209,MeO2PACz_Ag_stepstress_0p2V.csv,MeO2PACz,Ag,stepstress,0.2,
0.419999987,20.32760018,MeO2PACz_Ag_stepstress_0p2V.csv,MeO2PACz,Ag,stepstress,0.2,
0.400000006,20.3304031,MeO2PACz_Ag_stepstress_0p2V.csv,MeO2PACz,Ag,stepstress,0.2,
0.379999995,20.33683157,MeO2PACz_Ag_stepstress_0p2V.csv,MeO2PACz,Ag,stepstress,0.2,
0.360000014,20.33950096,MeO2PACz_Ag_stepstress_0p2V.csv,MeO2PACz,Ag,stepstress,0.2,
0.340000004,20.3436959,MeO2PACz_Ag_stepstress_0p2V.csv,MeO2PACz,Ag,stepstress,0.2,
0.319999993,20.34799037,MeO2PACz_Ag_stepstress_0p2V.csv,MeO2PACz,Ag,stepstress,0.2,
0.300000012,20.34988376,MeO2PACz_Ag_stepstress_0p2V.csv,MeO2PACz,Ag,stepstress,0.2,
0.280000001,20.35413287,MeO2PACz_Ag_stepstress_0p2V.csv,MeO2PACz,Ag,stepstress,0.2,
0.25999999,20.35665865,MeO2PACz_Ag_stepstress_0p2V.csv,MeO2PACz,Ag,stepstress,0.2,
0.239999995,20.35845757,MeO2PACz_Ag_stepstress_0p2V.csv,MeO2PACz,Ag,stepstress,0.2,
0.219999999,20.36278856,MeO2PACz_Ag_stepstress_0p2V.csv,MeO2PACz,Ag,stepstress,0.2,
0.200000003,20.36507877,MeO2PACz_Ag_stepstress_0p2V.csv,MeO2PACz,Ag,stepstress,0.2,
0.180000007,20.36892603,MeO2PACz_Ag_stepstress_0p2V.csv,MeO2PACz,Ag,stepstress,0.2,
0.159999996,20.37309074,MeO2PACz_Ag_stepstress_0p2V.csv,MeO2PACz,Ag,stepstress,0.2,
0.140000001,20.37487579,MeO2PACz_Ag_stepstress_0p2V.csv,MeO2PACz,Ag,stepstress,0.2,
0.119999997,20.37752629,MeO2PACz_Ag_stepstress_0p2V.csv,MeO2PACz,Ag,stepstress,0.2,
0.100000001,20.37954188,MeO2PACz_Ag_stepstress_0p2V.csv,MeO2PACz,Ag,stepstress,0.2,
0.079999998,20.38359447,MeO2PACz_Ag_stepstress_0p2V.csv,MeO2PACz,Ag,stepstress,0.2,
0.059999999,20.38751353,MeO2PACz_Ag_stepstress_0p2V.csv,MeO2PACz,Ag,stepstress,0.2,
0.039999999,20.39126504,MeO2PACz_Ag_stepstress_0p2V.csv,MeO2PACz,Ag,stepstress,0.2,
0.02,20.39191381,MeO2PACz_Ag_stepstress_0p2V.csv,MeO2PACz,Ag,stepstress,0.2,
0.0,20.39324788,MeO2PACz_Ag_stepstress_0p2V.csv,MeO2PACz,Ag,stepstress,0.2,
-0.02,20.39854257,MeO2PACz_Ag_stepstress_0p2V.csv,MeO2PACz,Ag,stepstress,0.2,
-0.039999999,20.40216937,MeO2PACz_Ag_stepstress_0p2V.csv,MeO2PACz,Ag,stepstress,0.2,
-0.059999999,20.40417362,MeO2PACz_Ag_stepstress_0p2V.csv,MeO2PACz,Ag,stepstress,0.2,
-0.079999998,20.40688207,MeO2PACz_Ag_stepstress_0p2V.csv,MeO2PACz,Ag,stepstress,0.2,
-0.100000001,20.40945068,MeO2PACz_Ag_stepstress_0p2V.csv,MeO2PACz,Ag,stepstress,0.2,
-0.119999997,20.41235691,MeO2PACz_Ag_stepstress_0p2V.csv,MeO2PACz,Ag,stepstress,0.2,
-0.140000001,20.41562216,MeO2PACz_Ag_stepstress_0p2V.csv,MeO2PACz,Ag,stepstress,0.2,
-0.159999996,20.41743241,MeO2PACz_Ag_stepstress_0p2V.csv,MeO2PACz,Ag,stepstress,0.2,
-0.180000007,20.41930691,MeO2PACz_Ag_stepstress_0p2V.csv,MeO2PACz,Ag,stepstress,0.2,
-0.200000003,20.42292363,MeO2PACz_Ag_stepstress_0p2V.csv,MeO2PACz,Ag,stepstress,0.2,
1.200000048,-29.98235239,MeO2PACz_Ag_stepstress_0p4V.csv,MeO2PACz,Ag,stepstress,0.4,
1.179999948,-29.98374526,MeO2PACz_Ag_stepstress_0p4V.csv,MeO2PACz,Ag,stepstress,0.4,
1.159999967,-29.98539512,MeO2PACz_Ag_stepstress_0p4V.csv,MeO2PACz,Ag,stepstress,0.4,
1.139999986,-26.26916045,MeO2PACz_Ag_stepstress_0p4V.csv,MeO2PACz,Ag,stepstress,0.4,
1.120000005,-18.06837676,MeO2PACz_Ag_stepstress_0p4V.csv,MeO2PACz,Ag,stepstress,0.4,
1.100000024,-10.28856435,MeO2PACz_Ag_stepstress_0p4V.csv,MeO2PACz,Ag,stepstress,0.4,
1.080000043,-4.581108948,MeO2PACz_Ag_stepstress_0p4V.csv,MeO2PACz,Ag,stepstress,0.4,
1.059999943,-0.581473547,MeO2PACz_Ag_stepstress_0p4V.csv,MeO2PACz,Ag,stepstress,0.4,
1.039999962,4.266664943,MeO2PACz_Ag_stepstress_0p4V.csv,MeO2PACz,Ag,stepstress,0.4,
1.019999981,7.481436099,MeO2PACz_Ag_stepstress_0p4V.csv,MeO2PACz,Ag,stepstress,0.4,
1.0,9.975539763,MeO2PACz_Ag_stepstress_0p4V.csv,MeO2PACz,Ag,stepstress,0.4,
0.980000019,11.99072272,MeO2PACz_Ag_stepstress_0p4V.csv,MeO2PACz,Ag,stepstress,0.4,
0.959999979,13.63851375,MeO2PACz_Ag_stepstress_0p4V.csv,MeO2PACz,Ag,stepstress,0.4,
0.939999998,14.98442261,MeO2PACz_Ag_stepstress_0p4V.csv,MeO2PACz,Ag,stepstress,0.4,
0.920000017,16.08624377,MeO2PACz_Ag_stepstress_0p4V.csv,MeO2PACz,Ag,stepstress,0.4,
0.899999976,16.97756449,MeO2PACz_Ag_stepstress_0p4V.csv,MeO2PACz,Ag,stepstress,0.4,
0.879999995,17.69597169,MeO2PACz_Ag_stepstress_0p4V.csv,MeO2PACz,Ag,stepstress,0.4,
0.860000014,18.26342646,MeO2PACz_Ag_stepstress_0p4V.csv,MeO2PACz,Ag,stepstress,0.4,
0.839999974,18.70472307,MeO2PACz_Ag_stepstress_0p4V.csv,MeO2PACz,Ag,stepstress,0.4,
0.819999993,19.04631106,MeO2PACz_Ag_stepstress_0p4V.csv,MeO2PACz,Ag,stepstress,0.4,
0.800000012,19.30577896,MeO2PACz_Ag_stepstress_0p4V.csv,MeO2PACz,Ag,stepstress,0.4,
0.779999971,19.50281402,MeO2PACz_Ag_stepstress_0p4V.csv,MeO2PACz,Ag,stepstress,0.4,
0.75999999,19.64814925,MeO2PACz_Ag_stepstress_0p4V.csv,MeO2PACz,Ag,stepstress,0.4,
0.74000001,19.75910233,MeO2PACz_Ag_stepstress_0p4V.csv,MeO2PACz,Ag,stepstress,0.4,
0.720000029,19.83922069,MeO2PACz_Ag_stepstress_0p4V.csv,MeO2PACz,Ag,stepstress,0.4,
0.699999988,19.90095059,MeO2PACz_Ag_stepstress_0p4V.csv,MeO2PACz,Ag,stepstress,0.4,
0.680000007,19.94612496,MeO2PACz_Ag_stepstress_0p4V.csv,MeO2PACz,Ag,stepstress,0.4,
0.660000026,19.98013423,MeO2PACz_Ag_stepstress_0p4V.csv,MeO2PACz,Ag,stepstress,0.4,
0.639999986,20.00469669,MeO2PACz_Ag_stepstress_0p4V.csv,MeO2PACz,Ag,stepstress,0.4,
0.620000005,20.02680769,MeO2PACz_Ag_stepstress_0p4V.csv,MeO2PACz,Ag,stepstress,0.4,
0.600000024,20.04238944,MeO2PACz_Ag_stepstress_0p4V.csv,MeO2PACz,Ag,stepstress,0.4,
0.579999983,20.05758823,MeO2PACz_Ag_stepstress_0p4V.csv,MeO2PACz,Ag,stepstress,0.4,
0.560000002,20.06614188,MeO2PACz_Ag_stepstress_0p4V.csv,MeO2PACz,Ag,stepstress,0.4,
0.540000021,20.07444233,MeO2PACz_Ag_stepstress_0p4V.csv,MeO2PACz,Ag,stepstress,0.4,
0.519999981,20.08267474,MeO2PACz_Ag_stepstress_0p4V.csv,MeO2PACz,Ag,stepstress,0.4,
0.5,20.09013872,MeO2PACz_Ag_stepstress_0p4V.csv,MeO2PACz,Ag,stepstress,0.4,
0.479999989,20.09732177,MeO2PACz_Ag_stepstress_0p4V.csv,MeO2PACz,Ag,stepstress,0.4,
0.460000008,20.10340885,MeO2PACz_Ag_stepstress_0p4V.csv,MeO2PACz,Ag,stepstress,0.4,
0.439999998,20.1074627,MeO2PACz_Ag_stepstress_0p4V.csv,MeO2PACz,Ag,stepstress,0.4,
0.419999987,20.11233916,MeO2PACz_Ag_stepstress_0p4V.csv,MeO2PACz,Ag,stepstress,0.4,
0.400000006,20.11738947,MeO2PACz_Ag_stepstress_0p4V.csv,MeO2PACz,Ag,stepstress,0.4,
0.379999995,20.12168393,MeO2PACz_Ag_stepstress_0p4V.csv,MeO2PACz,Ag,stepstress,0.4,
0.360000014,20.12672542,MeO2PACz_Ag_stepstress_0p4V.csv,MeO2PACz,Ag,stepstress,0.4,
0.340000004,20.13037363,MeO2PACz_Ag_stepstress_0p4V.csv,MeO2PACz,Ag,stepstress,0.4,
0.319999993,20.13379257,MeO2PACz_Ag_stepstress_0p4V.csv,MeO2PACz,Ag,stepstress,0.4,
0.300000012,20.13648212,MeO2PACz_Ag_stepstress_0p4V.csv,MeO2PACz,Ag,stepstress,0.4,
0.280000001,20.14067329,MeO2PACz_Ag_stepstress_0p4V.csv,MeO2PACz,Ag,stepstress,0.4,
0.25999999,20.14349511,MeO2PACz_Ag_stepstress_0p4V.csv,MeO2PACz,Ag,stepstress,0.4,
0.239999995,20.14819395,MeO2PACz_Ag_stepstress_0p4V.csv,MeO2PACz,Ag,stepstress,0.4,
0.219999999,20.15171493,MeO2PACz_Ag_stepstress_0p4V.csv,MeO2PACz,Ag,stepstress,0.4,
0.200000003,20.15371666,MeO2PACz_Ag_stepstress_0p4V.csv,MeO2PACz,Ag,stepstress,0.4,
0.180000007,20.1580401,MeO2PACz_Ag_stepstress_0p4V.csv,MeO2PACz,Ag,stepstress,0.4,
0.159999996,20.15994609,MeO2PACz_Ag_stepstress_0p4V.csv,MeO2PACz,Ag,stepstress,0.4,
0.140000001,20.16431991,MeO2PACz_Ag_stepstress_0p4V.csv,MeO2PACz,Ag,stepstress,0.4,
0.119999997,20.16725889,MeO2PACz_Ag_stepstress_0p4V.csv,MeO2PACz,Ag,stepstress,0.4,
0.100000001,20.16897718,MeO2PACz_Ag_stepstress_0p4V.csv,MeO2PACz,Ag,stepstress,0.4,
0.079999998,20.17212024,MeO2PACz_Ag_stepstress_0p4V.csv,MeO2PACz,Ag,stepstress,0.4,
0.059999999,20.17419126,MeO2PACz_Ag_stepstress_0p4V.csv,MeO2PACz,Ag,stepstress,0.4,
0.039999999,20.17694127,MeO2PACz_Ag_stepstress_0p4V.csv,MeO2PACz,Ag,stepstress,0.4,
0.02,20.17895812,MeO2PACz_Ag_stepstress_0p4V.csv,MeO2PACz,Ag,stepstress,0.4,
0.0,20.1814184,MeO2PACz_Ag_stepstress_0p4V.csv,MeO2PACz,Ag,stepstress,0.4,
-0.02,20.18348942,MeO2PACz_Ag_stepstress_0p4V.csv,MeO2PACz,Ag,stepstress,0.4,
-0.039999999,20.18544831,MeO2PACz_Ag_stepstress_0p4V.csv,MeO2PACz,Ag,stepstress,0.4,
-0.059999999,20.18743745,MeO2PACz_Ag_stepstress_0p4V.csv,MeO2PACz,Ag,stepstress,0.4,
-0.079999998,20.1898297,MeO2PACz_Ag_stepstress_0p4V.csv,MeO2PACz,Ag,stepstress,0.4,
-0.100000001,20.19309747,MeO2PACz_Ag_stepstress_0p4V.csv,MeO2PACz,Ag,stepstress,0.4,
-0.119999997,20.19505889,MeO2PACz_Ag_stepstress_0p4V.csv,MeO2PACz,Ag,stepstress,0.4,
-0.140000001,20.19729241,MeO2PACz_Ag_stepstress_0p4V.csv,MeO2PACz,Ag,stepstress,0.4,
-0.159999996,20.19838335,MeO2PACz_Ag_stepstress_0p4V.csv,MeO2PACz,Ag,stepstress,0.4,
-0.180000007,20.20081465,MeO2PACz_Ag_stepstress_0p4V.csv,MeO2PACz,Ag,stepstress,0.4,
-0.200000003,20.20178465,MeO2PACz_Ag_stepstress_0p4V.csv,MeO2PACz,Ag,stepstress,0.4,
1.200000048,-29.97516702,MeO2PACz_Ag_stepstress_0p6V.csv,MeO2PACz,Ag,stepstress,0.6,
1.179999948,-29.97636715,MeO2PACz_Ag_stepstress_0p6V.csv,MeO2PACz,Ag,stepstress,0.6,
1.159999967,-29.97662671,MeO2PACz_Ag_stepstress_0p6V.csv,MeO2PACz,Ag,stepstress,0.6,
1.139999986,-29.97626435,MeO2PACz_Ag_stepstress_0p6V.csv,MeO2PACz,Ag,stepstress,0.6,
1.120000005,-29.97605362,MeO2PACz_Ag_stepstress_0p6V.csv,MeO2PACz,Ag,stepstress,0.6,
1.100000024,-29.97730515,MeO2PACz_Ag_stepstress_0p6V.csv,MeO2PACz,Ag,stepstress,0.6,
1.080000043,-22.90064434,MeO2PACz_Ag_stepstress_0p6V.csv,MeO2PACz,Ag,stepstress,0.6,
1.059999943,-14.56385381,MeO2PACz_Ag_stepstress_0p6V.csv,MeO2PACz,Ag,stepstress,0.6,
1.039999962,-7.428611318,MeO2PACz_Ag_stepstress_0p6V.csv,MeO2PACz,Ag,stepstress,0.6,
1.019999981,-2.510900125,MeO2PACz_Ag_stepstress_0p6V.csv,MeO2PACz,Ag,stepstress,0.6,
1.0,0.594019952,MeO2PACz_Ag_stepstress_0p6V.csv,MeO2PACz,Ag,stepstress,0.6,
0.980000019,4.675549007,MeO2PACz_Ag_stepstress_0p6V.csv,MeO2PACz,Ag,stepstress,0.6,
0.959999979,7.365085025,MeO2PACz_Ag_stepstress_0p6V.csv,MeO2PACz,Ag,stepstress,0.6,
0.939999998,9.43217315,MeO2PACz_Ag_stepstress_0p6V.csv,MeO2PACz,Ag,stepstress,0.6,
0.920000017,11.14736922,MeO2PACz_Ag_stepstress_0p6V.csv,MeO2PACz,Ag,stepstress,0.6,
0.899999976,12.49098283,MeO2PACz_Ag_stepstress_0p6V.csv,MeO2PACz,Ag,stepstress,0.6,
0.879999995,13.58628987,MeO2PACz_Ag_stepstress_0p6V.csv,MeO2PACz,Ag,stepstress,0.6,
0.860000014,14.53673155,MeO2PACz_Ag_stepstress_0p6V.csv,MeO2PACz,Ag,stepstress,0.6,
0.839999974,15.28216779,MeO2PACz_Ag_stepstress_0p6V.csv,MeO2PACz,Ag,stepstress,0.6,
0.819999993,15.94198688,MeO2PACz_Ag_stepstress_0p6V.csv,MeO2PACz,Ag,stepstress,0.6,
0.800000012,16.48132547,MeO2PACz_Ag_stepstress_0p6V.csv,MeO2PACz,Ag,stepstress,0.6,
0.779999971,16.96276377,MeO2PACz_Ag_stepstress_0p6V.csv,MeO2PACz,Ag,stepstress,0.6,
0.75999999,17.32499012,MeO2PACz_Ag_stepstress_0p6V.csv,MeO2PACz,Ag,stepstress,0.6,
0.74000001,17.63785347,MeO2PACz_Ag_stepstress_0p6V.csv,MeO2PACz,Ag,stepstress,0.6,
0.720000029,17.89855465,MeO2PACz_Ag_stepstress_0p6V.csv,MeO2PACz,Ag,stepstress,0.6,
0.699999988,18.07995883,MeO2PACz_Ag_stepstress_0p6V.csv,MeO2PACz,Ag,stepstress,0.6,
0.680000007,18.32739871,MeO2PACz_Ag_stepstress_0p6V.csv,MeO2PACz,Ag,stepstress,0.6,
0.660000026,18.52124032,MeO2PACz_Ag_stepstress_0p6V.csv,MeO2PACz,Ag,stepstress,0.6,
0.639999986,18.63399987,MeO2PACz_Ag_stepstress_0p6V.csv,MeO2PACz,Ag,stepstress,0.6,
0.620000005,18.70905407,MeO2PACz_Ag_stepstress_0p6V.csv,MeO2PACz,Ag,stepstress,0.6,
0.600000024,18.79850964,MeO2PACz_Ag_stepstress_0p6V.csv,MeO2PACz,Ag,stepstress,0.6,
0.579999983,18.86227025,MeO2PACz_Ag_stepstress_0p6V.csv,MeO2PACz,Ag,stepstress,0.6,
0.560000002,18.96210862,MeO2PACz_Ag_stepstress_0p6V.csv,MeO2PACz,Ag,stepstress,0.6,
0.540000021,19.08230065,MeO2PACz_Ag_stepstress_0p6V.csv,MeO2PACz,Ag,stepstress,0.6,
0.519999981,19.1518674,MeO2PACz_Ag_stepstress_0p6V.csv,MeO2PACz,Ag,stepstress,0.6,
0.5,19.21371572,MeO2PACz_Ag_stepstress_0p6V.csv,MeO2PACz,Ag,stepstress,0.6,
0.479999989,19.26126974,MeO2PACz_Ag_stepstress_0p6V.csv,MeO2PACz,Ag,stepstress,0.6,
0.460000008,19.30013405,MeO2PACz_Ag_stepstress_0p6V.csv,MeO2PACz,Ag,stepstress,0.6,
0.439999998,19.3216555,MeO2PACz_Ag_stepstress_0p6V.csv,MeO2PACz,Ag,stepstress,0.6,
0.419999987,19.36535974,MeO2PACz_Ag_stepstress_0p6V.csv,MeO2PACz,Ag,stepstress,0.6,
0.400000006,19.4117359,MeO2PACz_Ag_stepstress_0p6V.csv,MeO2PACz,Ag,stepstress,0.6,
0.379999995,19.47370263,MeO2PACz_Ag_stepstress_0p6V.csv,MeO2PACz,Ag,stepstress,0.6,
0.360000014,19.51630712,MeO2PACz_Ag_stepstress_0p6V.csv,MeO2PACz,Ag,stepstress,0.6,
0.340000004,19.51334169,MeO2PACz_Ag_stepstress_0p6V.csv,MeO2PACz,Ag,stepstress,0.6,
0.319999993,19.63353246,MeO2PACz_Ag_stepstress_0p6V.csv,MeO2PACz,Ag,stepstress,0.6,
0.300000012,19.64973905,MeO2PACz_Ag_stepstress_0p6V.csv,MeO2PACz,Ag,stepstress,0.6,
0.280000001,19.70610622,MeO2PACz_Ag_stepstress_0p6V.csv,MeO2PACz,Ag,stepstress,0.6,
0.25999999,19.72413566,MeO2PACz_Ag_stepstress_0p6V.csv,MeO2PACz,Ag,stepstress,0.6,
0.239999995,19.73930422,MeO2PACz_Ag_stepstress_0p6V.csv,MeO2PACz,Ag,stepstress,0.6,
0.219999999,19.74914785,MeO2PACz_Ag_stepstress_0p6V.csv,MeO2PACz,Ag,stepstress,0.6,
0.200000003,19.7965192,MeO2PACz_Ag_stepstress_0p6V.csv,MeO2PACz,Ag,stepstress,0.6,
0.180000007,19.82513929,MeO2PACz_Ag_stepstress_0p6V.csv,MeO2PACz,Ag,stepstress,0.6,
0.159999996,19.86605069,MeO2PACz_Ag_stepstress_0p6V.csv,MeO2PACz,Ag,stepstress,0.6,
0.140000001,19.87826263,MeO2PACz_Ag_stepstress_0p6V.csv,MeO2PACz,Ag,stepstress,0.6,
0.119999997,19.90359731,MeO2PACz_Ag_stepstress_0p6V.csv,MeO2PACz,Ag,stepstress,0.6,
0.100000001,19.92134079,MeO2PACz_Ag_stepstress_0p6V.csv,MeO2PACz,Ag,stepstress,0.6,
0.079999998,19.96173065,MeO2PACz_Ag_stepstress_0p6V.csv,MeO2PACz,Ag,stepstress,0.6,
0.059999999,19.99445498,MeO2PACz_Ag_stepstress_0p6V.csv,MeO2PACz,Ag,stepstress,0.6,
0.039999999,20.02048756,MeO2PACz_Ag_stepstress_0p6V.csv,MeO2PACz,Ag,stepstress,0.6,
0.02,20.04750525,MeO2PACz_Ag_stepstress_0p6V.csv,MeO2PACz,Ag,stepstress,0.6,
0.0,20.07203496,MeO2PACz_Ag_stepstress_0p6V.csv,MeO2PACz,Ag,stepstress,0.6,
-0.02,20.10126098,MeO2PACz_Ag_stepstress_0p6V.csv,MeO2PACz,Ag,stepstress,0.6,
-0.039999999,20.13339576,MeO2PACz_Ag_stepstress_0p6V.csv,MeO2PACz,Ag,stepstress,0.6,
-0.059999999,20.17124976,MeO2PACz_Ag_stepstress_0p6V.csv,MeO2PACz,Ag,stepstress,0.6,
-0.079999998,20.20531823,MeO2PACz_Ag_stepstress_0p6V.csv,MeO2PACz,Ag,stepstress,0.6,
-0.100000001,20.25858518,MeO2PACz_Ag_stepstress_0p6V.csv,MeO2PACz,Ag,stepstress,0.6,
-0.119999997,20.27686405,MeO2PACz_Ag_stepstress_0p6V.csv,MeO2PACz,Ag,stepstress,0.6,
-0.140000001,20.34286573,MeO2PACz_Ag_stepstress_0p6V.csv,MeO2PACz,Ag,stepstress,0.6,
-0.159999996,20.38570832,MeO2PACz_Ag_stepstress_0p6V.csv,MeO2PACz,Ag,stepstress,0.6,
-0.180000007,20.47046001,MeO2PACz_Ag_stepstress_0p6V.csv,MeO2PACz,Ag,stepstress,0.6,
-0.200000003,20.40749178,MeO2PACz_Ag_stepstress_0p6V.csv,MeO2PACz,Ag,stepstress,0.6,
1.200000048,-29.97944072,MeO2PACz_Ag_stepstress_0p8V.csv,MeO2PACz,Ag,stepstress,0.8,
1.179999948,-29.97952552,MeO2PACz_Ag_stepstress_0p8V.csv,MeO2PACz,Ag,stepstress,0.8,
1.159999967,-29.97874942,MeO2PACz_Ag_stepstress_0p8V.csv,MeO2PACz,Ag,stepstress,0.8,
1.139999986,-29.97965402,MeO2PACz_Ag_stepstress_0p8V.csv,MeO2PACz,Ag,stepstress,0.8,
1.120000005,-29.97693509,MeO2PACz_Ag_stepstress_0p8V.csv,MeO2PACz,Ag,stepstress,0.8,
1.100000024,-29.97682973,MeO2PACz_Ag_stepstress_0p8V.csv,MeO2PACz,Ag,stepstress,0.8,
1.080000043,-29.97819433,MeO2PACz_Ag_stepstress_0p8V.csv,MeO2PACz,Ag,stepstress,0.8,
1.059999943,-29.97833053,MeO2PACz_Ag_stepstress_0p8V.csv,MeO2PACz,Ag,stepstress,0.8,
1.039999962,-29.97865177,MeO2PACz_Ag_stepstress_0p8V.csv,MeO2PACz,Ag,stepstress,0.8,
1.019999981,-29.97788851,MeO2PACz_Ag_stepstress_0p8V.csv,MeO2PACz,Ag,stepstress,0.8,
1.0,-29.97808639,MeO2PACz_Ag_stepstress_0p8V.csv,MeO2PACz,Ag,stepstress,0.8,
0.980000019,-29.97784483,MeO2PACz_Ag_stepstress_0p8V.csv,MeO2PACz,Ag,stepstress,0.8,
0.959999979,-29.97778315,MeO2PACz_Ag_stepstress_0p8V.csv,MeO2PACz,Ag,stepstress,0.8,
0.939999998,-29.97765466,MeO2PACz_Ag_stepstress_0p8V.csv,MeO2PACz,Ag,stepstress,0.8,
0.920000017,-29.9790758,MeO2PACz_Ag_stepstress_0p8V.csv,MeO2PACz,Ag,stepstress,0.8,
0.899999976,-28.78146488,MeO2PACz_Ag_stepstress_0p8V.csv,MeO2PACz,Ag,stepstress,0.8,
0.879999995,-24.59022607,MeO2PACz_Ag_stepstress_0p8V.csv,MeO2PACz,Ag,stepstress,0.8,
0.860000014,-21.8087953,MeO2PACz_Ag_stepstress_0p8V.csv,MeO2PACz,Ag,stepstress,0.8,
0.839999974,-19.86572441,MeO2PACz_Ag_stepstress_0p8V.csv,MeO2PACz,Ag,stepstress,0.8,
0.819999993,-17.47825417,MeO2PACz_Ag_stepstress_0p8V.csv,MeO2PACz,Ag,stepstress,0.8,
0.800000012,-15.70127781,MeO2PACz_Ag_stepstress_0p8V.csv,MeO2PACz,Ag,stepstress,0.8,
0.779999971,-14.40303886,MeO2PACz_Ag_stepstress_0p8V.csv,MeO2PACz,Ag,stepstress,0.8,
0.75999999,-12.64291156,MeO2PACz_Ag_stepstress_0p8V.csv,MeO2PACz,Ag,stepstress,0.8,
0.74000001,-11.28759494,MeO2PACz_Ag_stepstress_0p8V.csv,MeO2PACz,Ag,stepstress,0.8,
0.720000029,-9.756753988,MeO2PACz_Ag_stepstress_0p8V.csv,MeO2PACz,Ag,stepstress,0.8,
0.699999988,-9.058828312,MeO2PACz_Ag_stepstress_0p8V.csv,MeO2PACz,Ag,stepstress,0.8,
0.680000007,-7.597541525,MeO2PACz_Ag_stepstress_0p8V.csv,MeO2PACz,Ag,stepstress,0.8,
0.660000026,-6.674766303,MeO2PACz_Ag_stepstress_0p8V.csv,MeO2PACz,Ag,stepstress,0.8,
0.639999986,-5.671564712,MeO2PACz_Ag_stepstress_0p8V.csv,MeO2PACz,Ag,stepstress,0.8,
0.620000005,-4.61947787,MeO2PACz_Ag_stepstress_0p8V.csv,MeO2PACz,Ag,stepstress,0.8,
0.600000024,-3.789721717,MeO2PACz_Ag_stepstress_0p8V.csv,MeO2PACz,Ag,stepstress,0.8,
0.579999983,-2.567649162,MeO2PACz_Ag_stepstress_0p8V.csv,MeO2PACz,Ag,stepstress,0.8,
0.560000002,-1.431795428,MeO2PACz_Ag_stepstress_0p8V.csv,MeO2PACz,Ag,stepstress,0.8,
0.540000021,-0.656983259,MeO2PACz_Ag_stepstress_0p8V.csv,MeO2PACz,Ag,stepstress,0.8,
0.519999981,0.364994478,MeO2PACz_Ag_stepstress_0p8V.csv,MeO2PACz,Ag,stepstress,0.8,
0.5,1.107430715,MeO2PACz_Ag_stepstress_0p8V.csv,MeO2PACz,Ag,stepstress,0.8,
0.479999989,2.099074405,MeO2PACz_Ag_stepstress_0p8V.csv,MeO2PACz,Ag,stepstress,0.8,
0.460000008,3.246920099,MeO2PACz_Ag_stepstress_0p8V.csv,MeO2PACz,Ag,stepstress,0.8,
0.439999998,4.269434487,MeO2PACz_Ag_stepstress_0p8V.csv,MeO2PACz,Ag,stepstress,0.8,
0.419999987,5.077839264,MeO2PACz_Ag_stepstress_0p8V.csv,MeO2PACz,Ag,stepstress,0.8,
0.400000006,5.946030475,MeO2PACz_Ag_stepstress_0p8V.csv,MeO2PACz,Ag,stepstress,0.8,
0.379999995,6.774231789,MeO2PACz_Ag_stepstress_0p8V.csv,MeO2PACz,Ag,stepstress,0.8,
0.360000014,7.622780465,MeO2PACz_Ag_stepstress_0p8V.csv,MeO2PACz,Ag,stepstress,0.8,
0.340000004,8.566223652,MeO2PACz_Ag_stepstress_0p8V.csv,MeO2PACz,Ag,stepstress,0.8,
0.319999993,9.467416335,MeO2PACz_Ag_stepstress_0p8V.csv,MeO2PACz,Ag,stepstress,0.8,
0.300000012,10.19492266,MeO2PACz_Ag_stepstress_0p8V.csv,MeO2PACz,Ag,stepstress,0.8,
0.280000001,10.95831337,MeO2PACz_Ag_stepstress_0p8V.csv,MeO2PACz,Ag,stepstress,0.8,
0.25999999,11.6851999,MeO2PACz_Ag_stepstress_0p8V.csv,MeO2PACz,Ag,stepstress,0.8,
0.239999995,12.51595219,MeO2PACz_Ag_stepstress_0p8V.csv,MeO2PACz,Ag,stepstress,0.8,
0.219999999,13.19215172,MeO2PACz_Ag_stepstress_0p8V.csv,MeO2PACz,Ag,stepstress,0.8,
0.200000003,13.8498154,MeO2PACz_Ag_stepstress_0p8V.csv,MeO2PACz,Ag,stepstress,0.8,
0.180000007,14.66714891,MeO2PACz_Ag_stepstress_0p8V.csv,MeO2PACz,Ag,stepstress,0.8,
0.159999996,15.35004901,MeO2PACz_Ag_stepstress_0p8V.csv,MeO2PACz,Ag,stepstress,0.8,
0.140000001,15.91858843,MeO2PACz_Ag_stepstress_0p8V.csv,MeO2PACz,Ag,stepstress,0.8,
0.119999997,16.53114702,MeO2PACz_Ag_stepstress_0p8V.csv,MeO2PACz,Ag,stepstress,0.8,
0.100000001,17.07770141,MeO2PACz_Ag_stepstress_0p8V.csv,MeO2PACz,Ag,stepstress,0.8,
0.079999998,17.5853348,MeO2PACz_Ag_stepstress_0p8V.csv,MeO2PACz,Ag,stepstress,0.8,
0.059999999,18.14001579,MeO2PACz_Ag_stepstress_0p8V.csv,MeO2PACz,Ag,stepstress,0.8,
0.039999999,18.60903051,MeO2PACz_Ag_stepstress_0p8V.csv,MeO2PACz,Ag,stepstress,0.8,
0.02,19.08669967,MeO2PACz_Ag_stepstress_0p8V.csv,MeO2PACz,Ag,stepstress,0.8,
0.0,19.50274978,MeO2PACz_Ag_stepstress_0p8V.csv,MeO2PACz,Ag,stepstress,0.8,
-0.02,19.89399933,MeO2PACz_Ag_stepstress_0p8V.csv,MeO2PACz,Ag,stepstress,0.8,
-0.039999999,20.2598676,MeO2PACz_Ag_stepstress_0p8V.csv,MeO2PACz,Ag,stepstress,0.8,
-0.059999999,20.6404484,MeO2PACz_Ag_stepstress_0p8V.csv,MeO2PACz,Ag,stepstress,0.8,
-0.079999998,20.97924606,MeO2PACz_Ag_stepstress_0p8V.csv,MeO2PACz,Ag,stepstress,0.8,
-0.100000001,21.28467441,MeO2PACz_Ag_stepstress_0p8V.csv,MeO2PACz,Ag,stepstress,0.8,
-0.119999997,21.68930369,MeO2PACz_Ag_stepstress_0p8V.csv,MeO2PACz,Ag,stepstress,0.8,
-0.140000001,22.12613199,MeO2PACz_Ag_stepstress_0p8V.csv,MeO2PACz,Ag,stepstress,0.8,
-0.159999996,22.48491673,MeO2PACz_Ag_stepstress_0p8V.csv,MeO2PACz,Ag,stepstress,0.8,
-0.180000007,27.00103556,MeO2PACz_Ag_stepstress_0p8V.csv,MeO2PACz,Ag,stepstress,0.8,
-0.200000003,23.36365261,MeO2PACz_Ag_stepstress_0p8V.csv,MeO2PACz,Ag,stepstress,0.8,
1.200000048,-29.98007805,MeO2PACz_Ag_stepstress_1p5V.csv,MeO2PACz,Ag,stepstress,1.5,
1.179999948,-29.97842048,MeO2PACz_Ag_stepstress_1p5V.csv,MeO2PACz,Ag,stepstress,1.5,
1.159999967,-29.97820975,MeO2PACz_Ag_stepstress_1p5V.csv,MeO2PACz,Ag,stepstress,1.5,
1.139999986,-29.97795276,MeO2PACz_Ag_stepstress_1p5V.csv,MeO2PACz,Ag,stepstress,1.5,
1.120000005,-29.97862093,MeO2PACz_Ag_stepstress_1p5V.csv,MeO2PACz,Ag,stepstress,1.5,
1.100000024,-29.97762125,MeO2PACz_Ag_stepstress_1p5V.csv,MeO2PACz,Ag,stepstress,1.5,
1.080000043,-29.97698135,MeO2PACz_Ag_stepstress_1p5V.csv,MeO2PACz,Ag,stepstress,1.5,
1.059999943,-29.97493059,MeO2PACz_Ag_stepstress_1p5V.csv,MeO2PACz,Ag,stepstress,1.5,
1.039999962,-29.97605876,MeO2PACz_Ag_stepstress_1p5V.csv,MeO2PACz,Ag,stepstress,1.5,
1.019999981,-29.97627463,MeO2PACz_Ag_stepstress_1p5V.csv,MeO2PACz,Ag,stepstress,1.5,
1.0,-29.97666268,MeO2PACz_Ag_stepstress_1p5V.csv,MeO2PACz,Ag,stepstress,1.5,
0.980000019,-29.9762772,MeO2PACz_Ag_stepstress_1p5V.csv,MeO2PACz,Ag,stepstress,1.5,
0.959999979,-29.97597653,MeO2PACz_Ag_stepstress_1p5V.csv,MeO2PACz,Ag,stepstress,1.5,
0.939999998,-29.97492031,MeO2PACz_Ag_stepstress_1p5V.csv,MeO2PACz,Ag,stepstress,1.5,
0.920000017,-29.97482265,MeO2PACz_Ag_stepstress_1p5V.csv,MeO2PACz,Ag,stepstress,1.5,
0.899999976,-29.97380755,MeO2PACz_Ag_stepstress_1p5V.csv,MeO2PACz,Ag,stepstress,1.5,
0.879999995,-29.97494344,MeO2PACz_Ag_stepstress_1p5V.csv,MeO2PACz,Ag,stepstress,1.5,
0.860000014,-29.97543428,MeO2PACz_Ag_stepstress_1p5V.csv,MeO2PACz,Ag,stepstress,1.5,
0.839999974,-29.97279502,MeO2PACz_Ag_stepstress_1p5V.csv,MeO2PACz,Ag,stepstress,1.5,
0.819999993,-29.97510791,MeO2PACz_Ag_stepstress_1p5V.csv,MeO2PACz,Ag,stepstress,1.5,
0.800000012,-29.97502824,MeO2PACz_Ag_stepstress_1p5V.csv,MeO2PACz,Ag,stepstress,1.5,
0.779999971,-29.97303402,MeO2PACz_Ag_stepstress_1p5V.csv,MeO2PACz,Ag,stepstress,1.5,
0.75999999,-29.97415192,MeO2PACz_Ag_stepstress_1p5V.csv,MeO2PACz,Ag,stepstress,1.5,
0.74000001,-29.97211144,MeO2PACz_Ag_stepstress_1p5V.csv,MeO2PACz,Ag,stepstress,1.5,
0.720000029,-29.97291581,MeO2PACz_Ag_stepstress_1p5V.csv,MeO2PACz,Ag,stepstress,1.5,
0.699999988,-29.97349917,MeO2PACz_Ag_stepstress_1p5V.csv,MeO2PACz,Ag,stepstress,1.5,
0.680000007,-29.97268966,MeO2PACz_Ag_stepstress_1p5V.csv,MeO2PACz,Ag,stepstress,1.5,
0.660000026,-29.9723787,MeO2PACz_Ag_stepstress_1p5V.csv,MeO2PACz,Ag,stepstress,1.5,
0.639999986,-29.97296464,MeO2PACz_Ag_stepstress_1p5V.csv,MeO2PACz,Ag,stepstress,1.5,
0.620000005,-29.97213714,MeO2PACz_Ag_stepstress_1p5V.csv,MeO2PACz,Ag,stepstress,1.5,
0.600000024,-29.97250206,MeO2PACz_Ag_stepstress_1p5V.csv,MeO2PACz,Ag,stepstress,1.5,
0.579999983,-29.97123511,MeO2PACz_Ag_stepstress_1p5V.csv,MeO2PACz,Ag,stepstress,1.5,
0.560000002,-29.97112717,MeO2PACz_Ag_stepstress_1p5V.csv,MeO2PACz,Ag,stepstress,1.5,
0.540000021,-29.9698962,MeO2PACz_Ag_stepstress_1p5V.csv,MeO2PACz,Ag,stepstress,1.5,
0.519999981,-29.97274363,MeO2PACz_Ag_stepstress_1p5V.csv,MeO2PACz,Ag,stepstress,1.5,
0.5,-29.97047186,MeO2PACz_Ag_stepstress_1p5V.csv,MeO2PACz,Ag,stepstress,1.5,
0.479999989,-29.97024057,MeO2PACz_Ag_stepstress_1p5V.csv,MeO2PACz,Ag,stepstress,1.5,
0.460000008,-29.97061063,MeO2PACz_Ag_stepstress_1p5V.csv,MeO2PACz,Ag,stepstress,1.5,
0.439999998,-29.97027398,MeO2PACz_Ag_stepstress_1p5V.csv,MeO2PACz,Ag,stepstress,1.5,
0.419999987,-29.97013777,MeO2PACz_Ag_stepstress_1p5V.csv,MeO2PACz,Ag,stepstress,1.5,
0.400000006,-29.97013777,MeO2PACz_Ag_stepstress_1p5V.csv,MeO2PACz,Ag,stepstress,1.5,
0.379999995,-29.96956983,MeO2PACz_Ag_stepstress_1p5V.csv,MeO2PACz,Ag,stepstress,1.5,
0.360000014,-29.96729806,MeO2PACz_Ag_stepstress_1p5V.csv,MeO2PACz,Ag,stepstress,1.5,
0.340000004,-29.97026113,MeO2PACz_Ag_stepstress_1p5V.csv,MeO2PACz,Ag,stepstress,1.5,
0.319999993,-29.96827204,MeO2PACz_Ag_stepstress_1p5V.csv,MeO2PACz,Ag,stepstress,1.5,
0.300000012,-29.96813584,MeO2PACz_Ag_stepstress_1p5V.csv,MeO2PACz,Ag,stepstress,1.5,
0.280000001,-29.96779919,MeO2PACz_Ag_stepstress_1p5V.csv,MeO2PACz,Ag,stepstress,1.5,
0.25999999,-29.96586664,MeO2PACz_Ag_stepstress_1p5V.csv,MeO2PACz,Ag,stepstress,1.5,
0.239999995,-29.96769639,MeO2PACz_Ag_stepstress_1p5V.csv,MeO2PACz,Ag,stepstress,1.5,
0.219999999,-29.96868836,MeO2PACz_Ag_stepstress_1p5V.csv,MeO2PACz,Ag,stepstress,1.5,
0.200000003,-29.96666844,MeO2PACz_Ag_stepstress_1p5V.csv,MeO2PACz,Ag,stepstress,1.5,
0.180000007,-29.96725951,MeO2PACz_Ag_stepstress_1p5V.csv,MeO2PACz,Ag,stepstress,1.5,
0.159999996,-29.96623413,MeO2PACz_Ag_stepstress_1p5V.csv,MeO2PACz,Ag,stepstress,1.5,
0.140000001,-29.9662624,MeO2PACz_Ag_stepstress_1p5V.csv,MeO2PACz,Ag,stepstress,1.5,
0.119999997,-29.96610307,MeO2PACz_Ag_stepstress_1p5V.csv,MeO2PACz,Ag,stepstress,1.5,
0.100000001,-29.96578698,MeO2PACz_Ag_stepstress_1p5V.csv,MeO2PACz,Ag,stepstress,1.5,
0.079999998,-29.96613648,MeO2PACz_Ag_stepstress_1p5V.csv,MeO2PACz,Ag,stepstress,1.5,
0.059999999,-29.96498517,MeO2PACz_Ag_stepstress_1p5V.csv,MeO2PACz,Ag,stepstress,1.5,
0.039999999,-29.34073949,MeO2PACz_Ag_stepstress_1p5V.csv,MeO2PACz,Ag,stepstress,1.5,
0.02,-11.96357217,MeO2PACz_Ag_stepstress_1p5V.csv,MeO2PACz,Ag,stepstress,1.5,
0.0,5.433362627,MeO2PACz_Ag_stepstress_1p5V.csv,MeO2PACz,Ag,stepstress,1.5,
-0.02,22.83674653,MeO2PACz_Ag_stepstress_1p5V.csv,MeO2PACz,Ag,stepstress,1.5,
-0.039999999,30.00195282,MeO2PACz_Ag_stepstress_1p5V.csv,MeO2PACz,Ag,stepstress,1.5,
-0.059999999,30.002364,MeO2PACz_Ag_stepstress_1p5V.csv,MeO2PACz,Ag,stepstress,1.5,
-0.079999998,30.00243339,MeO2PACz_Ag_stepstress_1p5V.csv,MeO2PACz,Ag,stepstress,1.5,
-0.100000001,30.00235629,MeO2PACz_Ag_stepstress_1p5V.csv,MeO2PACz,Ag,stepstress,1.5,
-0.119999997,30.00239484,MeO2PACz_Ag_stepstress_1p5V.csv,MeO2PACz,Ag,stepstress,1.5,
-0.140000001,30.00243596,MeO2PACz_Ag_stepstress_1p5V.csv,MeO2PACz,Ag,stepstress,1.5,
-0.159999996,30.00249249,MeO2PACz_Ag_stepstress_1p5V.csv,MeO2PACz,Ag,stepstress,1.5,
-0.180000007,30.00250277,MeO2PACz_Ag_stepstress_1p5V.csv,MeO2PACz,Ag,stepstress,1.5,
-0.200000003,30.00250277,MeO2PACz_Ag_stepstress_1p5V.csv,MeO2PACz,Ag,stepstress,1.5,
1.200000048,-29.97997525,MeO2PACz_Ag_stepstress_1V.csv,MeO2PACz,Ag,stepstress,1.0,
1.179999948,-29.9801166,MeO2PACz_Ag_stepstress_1V.csv,MeO2PACz,Ag,stepstress,1.0,
1.159999967,-29.97884708,MeO2PACz_Ag_stepstress_1V.csv,MeO2PACz,Ag,stepstress,1.0,
1.139999986,-29.97995983,MeO2PACz_Ag_stepstress_1V.csv,MeO2PACz,Ag,stepstress,1.0,
1.120000005,-29.97976452,MeO2PACz_Ag_stepstress_1V.csv,MeO2PACz,Ag,stepstress,1.0,
1.100000024,-29.97591999,MeO2PACz_Ag_stepstress_1V.csv,MeO2PACz,Ag,stepstress,1.0,
1.080000043,-29.97884194,MeO2PACz_Ag_stepstress_1V.csv,MeO2PACz,Ag,stepstress,1.0,
1.059999943,-29.978973,MeO2PACz_Ag_stepstress_1V.csv,MeO2PACz,Ag,stepstress,1.0,
1.039999962,-29.97910663,MeO2PACz_Ag_stepstress_1V.csv,MeO2PACz,Ag,stepstress,1.0,
1.019999981,-29.97604078,MeO2PACz_Ag_stepstress_1V.csv,MeO2PACz,Ag,stepstress,1.0,
1.0,-29.97786282,MeO2PACz_Ag_stepstress_1V.csv,MeO2PACz,Ag,stepstress,1.0,
0.980000019,-29.97784483,MeO2PACz_Ag_stepstress_1V.csv,MeO2PACz,Ag,stepstress,1.0,
0.959999979,-29.9776341,MeO2PACz_Ag_stepstress_1V.csv,MeO2PACz,Ag,stepstress,1.0,
0.939999998,-29.97732057,MeO2PACz_Ag_stepstress_1V.csv,MeO2PACz,Ag,stepstress,1.0,
0.920000017,-29.97683487,MeO2PACz_Ag_stepstress_1V.csv,MeO2PACz,Ag,stepstress,1.0,
0.899999976,-29.97445516,MeO2PACz_Ag_stepstress_1V.csv,MeO2PACz,Ag,stepstress,1.0,
0.879999995,-29.97622067,MeO2PACz_Ag_stepstress_1V.csv,MeO2PACz,Ag,stepstress,1.0,
0.860000014,-29.97631061,MeO2PACz_Ag_stepstress_1V.csv,MeO2PACz,Ag,stepstress,1.0,
0.839999974,-29.97515931,MeO2PACz_Ag_stepstress_1V.csv,MeO2PACz,Ag,stepstress,1.0,
0.819999993,-29.97655218,MeO2PACz_Ag_stepstress_1V.csv,MeO2PACz,Ag,stepstress,1.0,
0.800000012,-29.97495886,MeO2PACz_Ag_stepstress_1V.csv,MeO2PACz,Ag,stepstress,1.0,
0.779999971,-29.97506679,MeO2PACz_Ag_stepstress_1V.csv,MeO2PACz,Ag,stepstress,1.0,
0.75999999,-29.97438834,MeO2PACz_Ag_stepstress_1V.csv,MeO2PACz,Ag,stepstress,1.0,
0.74000001,-29.97492288,MeO2PACz_Ag_stepstress_1V.csv,MeO2PACz,Ag,stepstress,1.0,
0.720000029,-29.97496657,MeO2PACz_Ag_stepstress_1V.csv,MeO2PACz,Ag,stepstress,1.0,
0.699999988,-29.97325503,MeO2PACz_Ag_stepstress_1V.csv,MeO2PACz,Ag,stepstress,1.0,
0.680000007,-29.97382554,MeO2PACz_Ag_stepstress_1V.csv,MeO2PACz,Ag,stepstress,1.0,
0.660000026,-29.9738204,MeO2PACz_Ag_stepstress_1V.csv,MeO2PACz,Ag,stepstress,1.0,
0.639999986,-29.97383839,MeO2PACz_Ag_stepstress_1V.csv,MeO2PACz,Ag,stepstress,1.0,
0.620000005,-29.97448857,MeO2PACz_Ag_stepstress_1V.csv,MeO2PACz,Ag,stepstress,1.0,
0.600000024,-29.97305201,MeO2PACz_Ag_stepstress_1V.csv,MeO2PACz,Ag,stepstress,1.0,
0.579999983,-29.97206004,MeO2PACz_Ag_stepstress_1V.csv,MeO2PACz,Ag,stepstress,1.0,
0.560000002,-29.97295179,MeO2PACz_Ag_stepstress_1V.csv,MeO2PACz,Ag,stepstress,1.0,
0.540000021,-29.97202149,MeO2PACz_Ag_stepstress_1V.csv,MeO2PACz,Ag,stepstress,1.0,
0.519999981,-29.97181076,MeO2PACz_Ag_stepstress_1V.csv,MeO2PACz,Ag,stepstress,1.0,
0.5,-29.97315223,MeO2PACz_Ag_stepstress_1V.csv,MeO2PACz,Ag,stepstress,1.0,
0.479999989,-29.97261256,MeO2PACz_Ag_stepstress_1V.csv,MeO2PACz,Ag,stepstress,1.0,
0.460000008,-29.97304944,MeO2PACz_Ag_stepstress_1V.csv,MeO2PACz,Ag,stepstress,1.0,
0.439999998,-29.97169512,MeO2PACz_Ag_stepstress_1V.csv,MeO2PACz,Ag,stepstress,1.0,
0.419999987,-29.97146383,MeO2PACz_Ag_stepstress_1V.csv,MeO2PACz,Ag,stepstress,1.0,
0.400000006,-29.97175679,MeO2PACz_Ag_stepstress_1V.csv,MeO2PACz,Ag,stepstress,1.0,
0.379999995,-29.97057979,MeO2PACz_Ag_stepstress_1V.csv,MeO2PACz,Ag,stepstress,1.0,
0.360000014,-29.97047186,MeO2PACz_Ag_stepstress_1V.csv,MeO2PACz,Ag,stepstress,1.0,
0.340000004,-29.96991676,MeO2PACz_Ag_stepstress_1V.csv,MeO2PACz,Ag,stepstress,1.0,
0.319999993,-29.9713122,MeO2PACz_Ag_stepstress_1V.csv,MeO2PACz,Ag,stepstress,1.0,
0.300000012,-29.96982682,MeO2PACz_Ag_stepstress_1V.csv,MeO2PACz,Ag,stepstress,1.0,
0.280000001,-29.97002213,MeO2PACz_Ag_stepstress_1V.csv,MeO2PACz,Ag,stepstress,1.0,
0.25999999,-29.96952357,MeO2PACz_Ag_stepstress_1V.csv,MeO2PACz,Ag,stepstress,1.0,
0.239999995,-29.96860099,MeO2PACz_Ag_stepstress_1V.csv,MeO2PACz,Ag,stepstress,1.0,
0.219999999,-29.96849819,MeO2PACz_Ag_stepstress_1V.csv,MeO2PACz,Ag,stepstress,1.0,
0.200000003,-29.96744197,MeO2PACz_Ag_stepstress_1V.csv,MeO2PACz,Ag,stepstress,1.0,
0.180000007,-29.96846992,MeO2PACz_Ag_stepstress_1V.csv,MeO2PACz,Ag,stepstress,1.0,
0.159999996,-29.96711046,MeO2PACz_Ag_stepstress_1V.csv,MeO2PACz,Ag,stepstress,1.0,
0.140000001,-29.96780176,MeO2PACz_Ag_stepstress_1V.csv,MeO2PACz,Ag,stepstress,1.0,
0.119999997,-29.96715672,MeO2PACz_Ag_stepstress_1V.csv,MeO2PACz,Ag,stepstress,1.0,
0.100000001,-29.9667918,MeO2PACz_Ag_stepstress_1V.csv,MeO2PACz,Ag,stepstress,1.0,
0.079999998,-29.96636263,MeO2PACz_Ag_stepstress_1V.csv,MeO2PACz,Ag,stepstress,1.0,
0.059999999,-29.96788913,MeO2PACz_Ag_stepstress_1V.csv,MeO2PACz,Ag,stepstress,1.0,
0.039999999,-23.6543533,MeO2PACz_Ag_stepstress_1V.csv,MeO2PACz,Ag,stepstress,1.0,
0.02,-9.430731375,MeO2PACz_Ag_stepstress_1V.csv,MeO2PACz,Ag,stepstress,1.0,
0.0,4.791746709,MeO2PACz_Ag_stepstress_1V.csv,MeO2PACz,Ag,stepstress,1.0,
-0.02,19.01981364,MeO2PACz_Ag_stepstress_1V.csv,MeO2PACz,Ag,stepstress,1.0,
-0.039999999,30.00179606,MeO2PACz_Ag_stepstress_1V.csv,MeO2PACz,Ag,stepstress,1.0,
-0.059999999,30.00223294,MeO2PACz_Ag_stepstress_1V.csv,MeO2PACz,Ag,stepstress,1.0,
-0.079999998,30.00220467,MeO2PACz_Ag_stepstress_1V.csv,MeO2PACz,Ag,stepstress,1.0,
-0.100000001,30.0022278,MeO2PACz_Ag_stepstress_1V.csv,MeO2PACz,Ag,stepstress,1.0,
-0.119999997,30.00229975,MeO2PACz_Ag_stepstress_1V.csv,MeO2PACz,Ag,stepstress,1.0,
-0.140000001,30.00238456,MeO2PACz_Ag_stepstress_1V.csv,MeO2PACz,Ag,stepstress,1.0,
-0.159999996,30.00228176,MeO2PACz_Ag_stepstress_1V.csv,MeO2PACz,Ag,stepstress,1.0,
-0.180000007,30.00232545,MeO2PACz_Ag_stepstress_1V.csv,MeO2PACz,Ag,stepstress,1.0,
-0.200000003,30.00243853,MeO2PACz_Ag_stepstress_1V.csv,MeO2PACz,Ag,stepstress,1.0,
